Id,Name,Birthday
925f8130-68c6-4bb9-b78d-ee9fb4493702,Abel Baumbach,01/06/1978 07:03:59
e0346925-f25d-460d-b80f-392c14b4632b,Abel Ernser,01/17/1872 20:29:31
332ffd3a-c993-45fa-9788-c615374e70ef,Abraham Smith,01/17/1908 22:02:39
a9e8d1af-93c8-4596-af16-5d3293313360,Abraham Trantow,04/09/1988 13:00:51
a3add494-a058-4f52-a85f-8521da77c2fe,Ada Halvorson,04/28/1907 12:46:18
3142067b-6660-4458-a439-8f593da34bb7,Ada O'Connell,05/09/1988 20:21:08
c38ab806-01e8-4dda-b459-9fbeb6440a5a,Agnes Bradtke,09/17/1917 00:28:56
1768cc3a-c001-491f-afc5-10cdc76c0337,Agnes McKenzie,01/06/1885 06:51:09
d22aa0f8-7924-4b08-9909-5eb96eb01750,Agnes Sauer,11/26/1924 22:33:47
3df09d4c-4a3e-42a1-bfcd-b9e0ab1495f8,Al Dickinson,03/03/1973 23:40:23
7377edd4-aefb-4ff6-ac3f-a8e3a6ef3c9e,Al McDermott,11/11/1897 13:25:19
20073d2a-6b4e-4393-a0e4-4905e3144a24,Alan Abbott,02/08/1987 19:46:35
c5234ea6-8a0b-4b8b-b06e-3d200028133f,Alan Grant,07/25/2000 14:57:31
6035f233-1ddb-4fb0-926a-fbff9987e04e,Albert Dietrich,11/10/1948 00:18:30
70c7be43-1d80-428f-8ad9-6fdb7f31ae0a,Albert Stracke,10/03/1989 13:45:07
259d6257-7579-4761-a88d-abced2a5f9fa,Alberta Deckow,05/24/1993 19:13:17
b758e91f-f211-4b63-936d-e26531e63130,Alberto Huel,02/19/1924 20:02:24
608eca0a-4bc4-4510-8f8b-d6f208cbcfa9,Alex Feeney,07/21/1995 16:40:15
1dbeb68c-aed6-4d30-9ced-b7c0c93aae79,Alex Okuneva,05/02/1982 06:48:37
86d8f061-0fbe-44e2-8add-8e5a59b57956,Alex Tromp,12/02/1880 15:00:23
a586f021-5205-4639-9657-9d6d7c232bda,Alexander West,08/21/1993 05:57:27
5f43bd13-9e0d-461d-9534-d1353873c4df,Alexandra Bayer,01/12/1872 05:53:12
2efdcfb6-7b4f-4201-ad1f-c4cd70c0ae03,Alexandra Glover,04/19/1944 03:03:05
5b441f8d-9e07-4dec-8d6f-b9170fa62d42,Alexis Schaden,11/28/1977 02:50:06
93f39887-e47d-4e24-a8ad-c6a0c49d8ba5,Alfredo Franecki,04/20/1972 04:08:34
63279417-b4b7-43b0-9281-a50a164755da,Alfredo Jast,11/03/1906 19:56:15
cd41fbeb-f534-4fe9-ae9f-260f33e8473a,Alfredo Littel,04/20/1917 17:10:14
5a6ba501-0ebb-4be2-95af-89340630b953,Alice Fisher,09/27/1885 20:10:32
2d5c63b0-0ab3-4aad-b105-ca1f9e7b10a5,Alice Shanahan,08/10/1989 22:25:29
e7db003d-aac5-41ab-a796-11befc9522d6,Alicia Hauck,11/01/1874 22:45:09
1f670cef-6952-4ec5-852b-e0ce06b97074,Alison Denesik,11/01/1944 17:01:49
2583eafa-2c3d-4980-8a0d-3b0929a4fff8,Allison Lang,12/29/1873 18:22:27
0ba244fe-f6a3-4664-92b2-de3fd440e80c,Allison Ziemann,03/25/1863 16:17:58
cfb13440-d3c5-4143-a5a6-67e359f0cfa2,Alma Cole,06/19/1873 11:20:32
fbc82737-33eb-4195-b763-8ed85c92089f,Alton Bosco,08/10/1992 06:24:16
6e9bfc84-b5b4-4e8f-a4b2-65ff451920dc,Alton Weber,04/21/1937 05:57:32
e746b6ba-e5c6-4977-a13b-02b3bd057415,Alvin Becker,10/01/1901 23:50:02
a1c02390-2a8c-4ce9-8308-5165db598c0e,Alyssa Heaney,05/09/1916 14:59:35
a8964d89-3146-4163-b595-02594fc472f7,Amanda Gorczany,11/07/1882 13:48:27
755039db-0cf3-4f5a-a248-4da716e60fee,Amber O'Keefe,07/29/1884 22:35:00
254053a0-530b-41d9-b08c-4b169a1d58c5,Amber Schuster,10/13/1985 02:41:37
4e8994d9-8654-4072-911c-c09e1da11178,Amos Rath,07/05/1896 01:51:42
7367bfee-9388-464b-825b-dcade8e8cc66,Amy Greenfelder,11/18/2006 05:29:36
dfe22645-614e-446e-ab11-89758ac149e8,Ana Pagac,05/31/1920 20:26:12
0b5756f0-0096-491c-9993-eb531138b593,Ana Rippin,10/17/1885 18:04:50
f9694bab-713b-44ed-9d08-7fdf9a3c15b0,Andres Weimann,01/30/1907 15:22:51
d8490a98-28dd-4af6-a692-2036c4a42da1,Andrew Harber,05/30/1944 19:22:54
47955a4d-8ce0-40fb-a876-106332a0affb,Andrew Pacocha,03/12/1900 07:57:57
6e25cf4d-6d29-44e0-97c9-5400e4caa2e5,Andy Dickinson,01/04/1970 15:23:02
ccdfc683-832f-44ac-a205-dfa520a87adb,Andy Kassulke,03/23/1939 19:40:03
e7abff60-ed88-4dbf-829e-59a87aac6df2,Andy Kuhic,02/22/1966 14:54:47
b6b607ce-145c-4993-a08d-f89805797179,Angel Maggio,07/25/1952 09:03:47
5cf51c87-b639-459c-aff3-f951acdd505e,Angelica Gusikowski,03/14/1894 10:59:20
0042ceed-d09e-4de1-b613-10136b65a585,Angelica Kuvalis,02/22/1915 12:30:28
6af8daa1-e34f-4419-adfb-ac3184094fae,Angelina Hahn,06/25/1982 04:26:17
8fce116d-4372-4e47-88a2-98e6bb2f1bf9,Angelina Hermann,08/28/1946 12:32:58
d83fd1d4-4e2f-45f2-afc1-099028cabefb,Angie West,05/22/1935 12:45:40
0ef35403-652f-41ef-b9d2-a9f03e6b7c01,Anita Spencer,08/09/1909 17:18:05
dcdbbb3b-352d-4ad2-ae02-c7fd4731e6f6,Anita Weimann,01/15/1914 22:36:39
847f8530-945b-4660-b21c-7007f646a3c5,Ann Schimmel,01/22/1989 14:57:50
c5cbd1bd-4393-4280-8695-94b18508eadd,Anna Rice,12/14/2008 23:47:40
46f128a4-f5c0-41b7-a69a-c28d6a81edde,Anna Spinka,07/13/1894 21:52:30
48ee4542-cdab-47bd-95fc-8052281664ec,Anna Wiza,08/12/1921 22:24:02
2e44ec96-aeb2-4981-9e79-80a02674cab3,Annette Buckridge,06/15/1974 21:11:30
ae341ccf-069b-4015-a67f-9944e6006bff,Annette Volkman,11/13/1922 15:15:53
6ed1f054-8b24-41dc-aefe-9f9ffd298917,Anthony Raynor,12/02/1965 22:14:06
d3dd06c1-0951-46eb-a6c1-6d2c1b16758a,Antoinette DuBuque,12/26/1936 22:38:16
1e61a9d8-2d71-46c7-982f-4544bb7aabff,Antoinette Witting,11/03/2009 11:36:49
496fb2c8-b067-40be-b919-538259bda97e,Antonio MacGyver,11/04/1931 18:03:34
0a31ba63-7278-4c43-bd4a-4757b130e222,April Breitenberg,03/12/1984 14:08:17
0d740790-0577-4bdc-beed-d9a5658bc19e,Arlene Moore,08/28/1899 01:31:40
7c99d589-a6fc-4d8a-8fcd-48a3e17059cb,Armando Bailey,02/27/1955 22:51:07
15b96c5c-4b61-4a20-9ba7-0088e3abaacb,Arnold Bartoletti,11/27/1913 09:58:31
f231fc44-30ec-485b-bd16-b7bb704df42f,Arnold Larson,10/21/1975 12:15:59
daae5aa5-5175-44be-b1bc-38386d791001,Arthur Corwin,09/28/1895 20:23:44
f4fdf294-b1ed-44fd-a081-25c81ddae3e1,Arthur Wunsch,06/10/1968 17:44:09
ab29f5f4-0b8b-43e2-b5ba-02f0d8a79182,Ashley Feest,01/25/1970 02:16:31
d3b62cd4-fd94-4ab7-bf3d-4fd4c6443b4f,Ashley Gorczany,03/13/1956 00:26:22
feb1df10-1df7-44c0-94e4-da2ebe6e4544,Ashley Steuber,02/22/1899 09:20:02
bb4d1c12-03bc-4cf4-964a-196868f16cce,Aubrey Swaniawski,04/21/1896 01:55:03
056ca80f-d2eb-4f89-abab-a968c93b29f0,Austin White,12/17/1980 02:48:49
da9da275-03fd-4c7d-b348-d300ab448155,Barbara Schiller,10/23/1931 20:29:14
c2e22c34-1a9b-4056-a9c9-813dd15b5b6b,Beatrice Hayes,08/28/1900 05:09:13
af4cb395-2e6d-4c57-9f45-5eb41ddfd75b,Beatrice Langosh,08/01/1871 11:14:33
d8e6a098-9fb8-4a80-9809-30ef13276a9e,Beatrice Mohr,01/28/2005 03:18:27
3d673bcf-d504-443b-81cb-6b69bcf55e90,Becky Marks,07/04/1970 16:34:28
af7a0f61-abf0-4dcb-8468-fa184faf4772,Belinda Ratke,03/26/1930 04:10:23
72622efc-10c0-4788-b868-b7094edb01d9,Benjamin Oberbrunner,02/09/1976 10:13:27
69a06cd0-7906-4321-b501-976a3dba1eba,Benny Daugherty,04/14/1902 12:28:06
6364da8d-96d6-4b0a-8f4c-aa5f98a28bd2,Benny Hayes,07/14/1972 21:54:42
a08f319b-aaab-4be9-acb1-606c32251674,Benny Lindgren,05/25/1990 17:23:16
ff801d90-5310-4697-8c0e-33683f51ef5b,Benny Prosacco,12/15/1992 04:48:36
4fe2967f-1310-4ca0-8611-fc6799e0164d,Bernadette Blanda,07/18/2003 21:55:57
97226d94-965e-48d7-a2f2-d5fbbf0fe0ac,Bernard Satterfield,06/06/1876 00:26:24
76c593cf-8bbd-4124-bc54-3b09c91c446d,Bernard Shanahan,12/20/1869 01:54:08
2d98badd-2364-4789-8224-c49f50844099,Bernice Lemke,08/14/1877 01:59:25
3fd21866-e773-4bd3-906b-e7ade15364fa,Bernice Moen,07/03/1886 21:32:23
77bd549f-26ab-48e0-8edf-ae761a6d5f69,Bernice Schoen,11/29/2007 11:37:53
e976ee5e-c549-44ff-8220-171ee1aa2cc6,Bert Altenwerth,03/15/1980 10:03:20
c249918e-c778-4fe0-8be6-a9f67833734f,Bertha Crist,08/10/1981 22:37:58
ba2220c7-d210-4f4b-9e17-e6bf16bfe863,Bertha Jerde,11/21/1973 18:16:07
9e45a72d-daef-4aa4-800f-ac1935a92291,Bertha Kuphal,09/29/1956 01:28:15
9f59236e-83a0-4d11-9a7e-3665ef6555db,Bertha Waelchi,01/02/1965 01:09:20
fb9ca945-1892-4811-8b5f-551c941d8d2b,Bessie Dooley,11/15/2009 03:26:52
a5722f93-1374-445d-9aab-071f50769364,Bessie Quitzon,01/17/1878 09:08:51
6851e7d0-36c3-4f34-93dd-b7e8bb4a31f7,Bessie Swaniawski,04/27/1990 21:55:21
35e6ab2e-c7aa-44fa-a599-476952efd467,Beth Walker,04/04/1996 18:19:44
72bc8885-ff84-41f4-b293-a986b6b8a3b2,Bethany Hilll,07/06/1924 11:14:39
071c8e14-3841-49d2-a643-9825ae7ed273,Betsy Senger,05/30/2005 07:58:26
b91f82e1-0f4c-468d-9570-f9af7a1d9c78,Betty Dibbert,08/03/2002 16:26:11
bd2e68dd-e049-4b18-8932-a0d33b05350b,Betty Mueller,02/10/2007 23:53:39
dcfa7630-8561-403c-b8f1-43d2fa2d3892,Beulah Bartoletti,03/20/1906 01:59:29
798f629c-66c9-4704-847c-a3831a4d1157,Beulah Smith,08/28/1882 06:47:27
09eaf170-efbb-4c75-a705-4f84c71d7e45,Beverly Kerluke,06/12/1886 06:23:11
464cb05f-11d5-4495-aa72-c4422a3fcefb,Beverly Kuvalis,01/19/1940 15:44:24
5a010e49-aa55-4429-a983-ae5d3b75e507,Bill O'Kon,10/18/1913 04:18:09
bf18b4c5-1b03-4aae-a49b-3b97261bd958,Billie Becker,05/30/1979 09:46:12
ad38ea8b-db03-4ea2-a27f-037f58fd6874,Billie Crooks,01/20/1983 10:19:48
956c31bf-bac5-4012-9364-af9ca4b95fb5,Billie Stiedemann,05/29/1932 07:16:03
334c94e5-7719-4272-bde5-1af5c6866d95,Billy Lindgren,01/24/1906 21:34:48
73cfa298-24e6-487f-a15d-ea4bb5dea5d0,Billy Sawayn,08/07/1888 02:52:22
a0dd60e1-0e66-40e0-bd48-5edaaedba891,Blanche Romaguera,04/29/1959 18:01:19
e2449d43-c742-4192-9a6d-0d8c5b441bb4,Bob White,06/11/1882 13:50:35
4c33984b-324a-4add-965e-82463a1ee784,Bobbie Hammes,12/23/1975 22:29:20
59301058-177d-4945-a28f-373a32edb227,Bobbie Rosenbaum,10/02/1988 10:05:08
503f2f7f-8b20-4032-aa5d-ae74e43cdd5e,Bobby Nienow,12/01/1881 04:07:41
0d1d044f-ba70-462f-b4fa-68883160cdc3,Bonnie Ernser,03/01/1870 17:11:06
24469844-11bd-4c14-be52-0f3f107d24f2,Boyd Streich,10/11/2004 10:50:13
8d788095-04da-4983-a6ab-6e56360d9f18,Brad Dicki,12/23/1988 16:55:21
4c535433-1307-468b-be72-a357d12e5966,Bradley Kautzer,06/06/1987 04:56:10
aa03005c-adc7-4ad6-8408-4b548fe3dbc3,Brandy Zboncak,09/11/1983 12:53:32
7f7f1f20-9304-4715-99bd-18c9bec76ae1,Brenda Gislason,03/24/2003 06:45:32
c1cefa0e-17b0-4802-86ca-84e78daefd50,Brenda Hoppe,05/07/2001 18:13:14
24c05888-55f8-4eba-bc27-e528c7b98eb6,Brendan Considine,02/24/1909 06:13:12
3bd2027d-f594-4717-b16a-73bf591d23cf,Brent Padberg,07/05/1862 12:01:15
e7c66fe7-0ac1-4f66-8cff-d5be8ab9e2d5,Brent Willms,04/06/2012 06:14:05
62681794-c6d5-43f6-9ac7-a282fd51db7e,Brian Streich,02/08/1951 18:35:53
c952b83e-60a1-4164-bcf3-46e4844518c8,Bridget Ratke,11/28/1891 00:07:15
754137e5-187a-4d0e-9591-c7dcec772e6b,Bridget Rau,12/03/1931 18:46:17
01b6061f-093f-4c3a-aaf8-6c4027486541,Brittany Conn,10/22/1937 03:01:40
4d5603e6-d0a4-40b3-b3c3-914b8ae18652,Brooke Bahringer,06/30/2002 22:19:20
6214d9af-c5b1-4cdd-9aae-6d260283baee,Brooke Bauch,06/08/1984 06:25:19
8bf3a5a7-0fd6-4dd1-99ca-441ed00e5649,Bruce Beatty,03/28/1982 17:41:03
a7b8233a-7fbf-41cd-a43f-8433b2064fba,Bryant Kovacek,12/08/1868 21:35:06
7891d361-2e45-4561-99d5-9cdace2189ee,Caleb Ferry,01/16/1961 14:20:35
182e8a8e-4564-474c-b752-97f262138536,Caleb Padberg,10/08/1943 20:51:04
18789976-db0b-4293-93ce-a632d9652c7b,Caleb Stamm,02/27/1917 15:04:27
977d1512-db97-4ded-9a51-116333ccca22,Calvin Schoen,01/15/1867 11:57:48
75c7f8e2-4f6f-48e0-9abc-c1d516f16260,Cameron Kertzmann,06/26/2010 03:51:12
922ad636-098c-4ef3-9b3a-a3fa853cd652,Candace Batz,06/19/1900 06:53:59
c6211c28-c102-48f4-afa8-68ebaab997bc,Candace Boehm,07/21/1965 18:45:12
bd9f17ca-96a0-4b97-8fb3-07f2ccf0cc4f,Candace Morissette,08/08/1876 07:28:45
1d7e1d16-e78d-40bb-a28f-ae045caf9287,Carla Balistreri,02/02/1887 00:12:24
2ea7b8dd-d353-49b9-ac7b-2dc78261a7d0,Carla Greenholt,12/24/1986 23:44:43
d4abaaf9-e903-43ef-83d8-1aca82b9e2c3,Carlos Goldner,06/08/1943 23:13:30
bac95b42-cf1b-4853-9486-81150bbb6426,Carlos Wilkinson,04/12/1913 14:12:13
0f65c5c2-1480-4986-a884-aa1de6291c8d,Carlton Dooley,12/09/1877 07:26:51
3a62e6ed-c0a3-4011-aa12-2af73c3530c2,Carlton McLaughlin,03/08/1944 11:32:22
e65e534c-04f3-4eb3-9d82-f05bde3715ac,Carlton Nolan,04/30/1891 07:01:21
9392188c-cf88-4e62-a15a-2d349e466491,Caroline Shields,11/21/1875 07:50:09
5aa2184d-5d4d-495e-a801-d96a6068c44c,Carolyn Feil,06/07/1963 11:42:50
8218f477-ceca-4f5a-bf6f-437c0744099a,Carrie Koelpin,07/20/1864 06:37:22
2e96b55d-b045-4058-a7d1-83f0ce4ba47a,Cary Anderson,07/24/1929 20:43:30
d54195d2-88bd-49f7-bcf4-3a92ad16d51c,Casey Schimmel,10/20/1891 02:10:44
30b81269-49dc-4e5a-846a-bd010946cc60,Casey Tillman,06/10/1912 00:10:51
da61ad67-8a5a-49b4-bc60-96afa4975148,Catherine Emmerich,10/04/1988 11:05:01
bc442e9e-7249-4e02-a551-e4e51e38cedf,Catherine Schiller,05/19/1908 20:58:21
03e9bc26-ec80-4502-99bd-73afa42ede4b,Catherine Stroman,11/26/1944 04:40:18
e10616b3-5ee7-44fc-b0ee-ab6e964e3187,Cathy Shanahan,03/17/1877 16:15:57
8f1670ab-6262-4020-8630-d3934fb9022d,Cecil Bogan,01/15/2002 12:24:38
025211fe-5e6b-4735-be75-0a011b432cb2,Cecilia Hand,11/02/1890 07:57:21
8d465f57-877b-43b4-be54-58c9725baec9,Cesar Ward,06/21/1980 17:54:49
ef9abc58-2ed2-486e-8cd8-b64a57437fd0,Chad Pouros,10/30/1978 17:21:12
ca4a1b5b-5521-4be2-acb7-c924ad41929c,Charles Halvorson,06/25/1934 09:29:34
15909e6e-265f-4ae2-88c4-0df6b8634d3a,Charles McCullough,12/28/1993 00:21:07
b5990dd5-2c4a-4956-8fce-ed0f88ef95d8,Charles Ritchie,12/24/1931 12:02:53
56da3830-7586-4148-96de-aff748de74a5,Charlotte Grimes,01/18/1953 11:55:04
4773f5e6-3082-467f-a52d-19daaf17d5d6,Charlotte Nader,04/23/1991 13:50:37
1a4280c8-29d7-4e87-a9f0-9491c8753b60,Charlotte Osinski,01/20/1981 23:40:29
08c51f18-5a65-4f45-88f0-938a911d4269,Charlotte Wuckert,09/10/1957 08:59:26
63c2de95-4d71-47a3-ac8b-07576028ca4b,Chelsea Kunde,06/23/1978 06:04:29
fa1a4be6-f38e-4afe-984e-0fed72ee17c4,Chelsea Ward,12/27/1880 06:25:40
4fcd7ecf-2e00-4a0c-826a-f619a309a93b,Chester Boyle,03/06/1916 01:46:21
e6439617-d007-4098-80dd-c3b30b8d0951,Chester Glover,07/28/1933 19:27:44
392953e4-d39c-4e99-8a82-af63e6c46969,Chester Kling,02/22/1968 21:25:16
aa209709-dbd0-4958-a6d9-1fdd871eb837,Chester Pacocha,08/05/1891 13:23:38
87d3df76-d875-4450-b15a-096e94e01dc8,Chester Schuppe,11/12/1869 04:15:19
becdff2e-7502-4575-b2e2-33b5807a4ca1,Chris Lueilwitz,07/25/1923 15:07:38
ba00007d-2dfb-4f3e-b3a5-f6b18eaac629,Chris Miller,10/26/1952 09:20:35
ef5d7934-dc0c-47aa-b8da-ebdcd849e28e,Christian Connelly,08/17/2008 04:13:31
d8e8e6ff-5c09-4725-a88e-7038a2ce6b07,Christie Luettgen,04/15/1912 15:21:02
2cc8a5dd-c33d-4996-9e56-b8f57b877b7f,Christine Langworth,08/31/1881 16:12:25
b7f3b4b6-c23b-4482-a78c-2ecd8a74c427,Christopher Johnson,12/19/1957 08:40:03
7a6f480f-0a08-4fea-b262-112d33c3611d,Christopher Stiedemann,06/14/1917 20:01:46
59a7a885-aec3-46bb-903a-83d35d0a0df9,Christy Schroeder,11/01/1952 12:09:13
524684e6-7f31-4da0-8abd-15881b2b7535,Claire Ferry,04/07/1894 11:04:40
5cec1727-7df8-483b-9bb8-84f401502d5d,Claire Gorczany,04/09/1956 09:20:29
6d569828-e6c0-4304-a688-c2286c9fb1fa,Clara Fahey,12/23/1953 17:35:16
0577bc5d-aed8-4d11-a839-899839d022c9,Clara Kassulke,11/02/1989 19:23:23
aea3347e-f61a-45f0-a3d4-ed82b6a7feb5,Clara Turner,10/09/2005 02:06:53
9e73ab15-d2eb-4f18-bbc5-0180c980571e,Clark Jakubowski,01/22/1922 22:52:43
0c379ace-3e43-4c8a-810e-110061f14f35,Claude Sauer,04/22/1918 12:40:05
10a073da-532d-477e-8664-5b6e034f55e7,Clay Collins,02/14/1874 16:49:46
86946276-e47a-4370-8a5d-c6f331bd2022,Clayton Pollich,08/10/1941 22:36:11
136461f1-d6fd-4967-a861-389a60ca8895,Clayton Towne,04/30/1986 05:58:47
dbcde2bc-11a5-4fce-82e9-41e847fd0546,Clifford Gottlieb,04/13/1972 13:08:01
e081ba34-2ae3-4985-9ce4-ac912b8fe568,Clifton Beier,05/31/1893 08:58:09
0b4bee67-bbd1-4e8c-be94-ece3c34b88b9,Clifton Block,04/24/1992 01:05:01
7e3fdac6-ae2a-422c-825a-e52df6d4e852,Clint Koelpin,01/31/1891 07:43:58
3063311a-8149-4fc0-b932-7deebc75ff9e,Clint O'Hara,09/15/1943 20:50:09
089dd75d-8109-40d5-8538-cdc5dd8ca3eb,Clyde Gorczany,09/16/1994 16:58:16
22a79f86-db11-4c12-be9a-b560ec9f73c5,Clyde Swift,08/30/2000 02:25:59
f1e22f7e-0e5c-4092-a4ac-904716fcc163,Cody DuBuque,01/02/1875 07:13:17
b5b88ad9-2cbf-4a4e-8cb8-6df3d85ee2d7,Cody O'Keefe,01/01/1869 14:42:21
29511b8f-e8f6-4929-970c-1da42dd50009,Colin Ruecker,11/17/1952 05:16:08
d6550781-a292-4986-9073-0559a83d729c,Colleen Fritsch,03/09/1962 06:23:07
c7d9c799-de95-4f97-9fff-ed8c976c65dc,Connie Stamm,11/24/1928 15:48:18
03f989e3-09ac-47ad-be10-2ee377cabe4d,Constance Legros,02/07/1999 00:51:07
6a7826e6-6233-4a5e-b786-9a096c595cdd,Constance Rippin,12/17/1945 18:36:46
9c5902e0-2509-4ca9-8c52-5123d3b3540e,Cora Anderson,03/01/1996 04:53:02
a5c0305c-3a43-40ed-8847-42b1de1fb1f3,Corey Effertz,11/10/1963 16:40:59
501d4a49-7e01-4fbf-a3ba-40a5c2d13d73,Courtney Bergnaum,11/06/1940 23:35:44
3e134349-36ad-41ec-9ef0-2b83e4297638,Courtney DuBuque,11/16/1966 07:51:32
3ad13c5c-55a3-4f29-8186-32b30e1e84eb,Courtney Wisoky,08/26/1977 11:21:28
49f53521-51c5-4ec8-8ded-4d7749914441,Courtney Zulauf,01/22/2009 21:02:08
a7aa9e70-82a6-4bed-9bbe-6cf5231f054a,Cristina Grady,08/07/1945 09:15:50
9dc841b7-692f-4bc5-b936-5ebde4449b46,Cristina Ritchie,01/03/1904 07:28:15
6b39c0b3-b094-4e6b-b36c-729767dd6b86,Crystal Cronin,06/19/1987 10:00:56
82536438-688e-41ce-ab56-bd7868271357,Curtis Hudson,10/24/1891 11:50:52
08891f1a-fa72-4da8-a4aa-a16140383201,Daisy Grady,03/18/1996 18:35:54
fe19a669-448d-4dd3-9657-86844c8e3d0f,Daisy Walsh,07/19/1865 18:38:04
fc0dae32-726f-4664-9ac1-150427bb901f,Dale Feil,03/11/1922 00:05:21
0f6e3b0b-9533-40b2-abe5-cb95127b3f6b,Dale Friesen,04/18/1913 08:16:41
869b5f25-b20b-453e-a4d3-f8c26acec993,Dale Reichert,03/21/1945 16:35:30
6bf4aa3d-8af0-496e-b3df-871e572b967d,Dale Schmeler,10/20/1917 03:50:11
bb275919-97af-4e08-aa77-62e54dd82cbc,Dallas Feeney,01/03/1884 08:12:25
464fb75b-8f7f-4005-8bec-27f913ac8474,Dallas Green,02/22/1931 21:55:47
4aa07376-b4e1-4216-adc0-ffa0a972ece8,Dallas Lakin,04/26/1909 18:55:31
4a417023-60c1-473b-82f9-78cdcfcbace6,Dan Herman,04/07/1910 03:18:01
bd2e91d5-178a-4587-bd87-0338a2fba073,Dana McGlynn,11/07/1971 11:23:39
74f3a7b7-137a-4f17-b7e1-e07af5356792,Danielle Fadel,05/17/1927 16:29:43
2fb564ec-f36f-433e-a209-8ecb3464ecea,Danny Hermann,05/24/1898 04:05:48
6b36f336-5133-4350-92e5-2943c7cec467,Darin Bednar,02/21/1890 09:38:52
8cb682fc-e469-4ed5-a76f-db7def88ea74,Darin Dach,01/02/1863 04:16:06
3efac0e9-05c1-4c5b-95fb-a14b905c0783,Darin MacGyver,08/15/1952 20:02:12
68be7819-7e16-4fac-a055-4ec4210d37b2,Darla Torphy,06/30/1967 16:57:56
cdd1a8b6-84dd-401c-bad2-8d3099248e22,Darla Wyman,10/06/1919 13:14:10
fc2b0da1-6124-43e5-b7e3-10205c83814b,Darlene Gaylord,12/01/1908 19:53:20
0b187faf-d4ad-4483-9647-a89406475060,Darlene Kreiger,09/18/1879 17:22:01
23034d12-5b3c-4fd2-b586-9de3778a6946,Darnell Shields,12/16/1882 01:41:24
942fede1-7249-4227-9956-9587cd045956,Darnell Sipes,12/03/1918 23:17:20
4d4cd094-d37a-4d2b-828f-aadc13a7408e,Darrell Blanda,01/07/1966 17:46:30
703ba195-7300-4734-a47f-52da2c0e771b,Darrin Goodwin,07/25/1869 23:18:45
27c3a9d9-cb0a-44d2-b36e-dfdf66a1439d,Daryl Haley,10/06/1969 20:57:04
a5f800b6-098b-47d5-b9da-5ab2e7e5c37d,Dave Douglas,10/09/2003 14:53:45
48a369c9-7312-42df-b57b-f86de4d3efbb,Dave Schimmel,12/08/1867 23:11:02
ea41fbba-dcf0-47d7-927c-17a97ec6b43f,Dave Towne,06/19/2001 14:48:38
7adcd0e1-204f-432d-89ee-4dc6f2dca91d,David Herzog,01/13/1944 19:09:01
9630acd7-09fd-47cd-882a-2ace40aac95e,Dean Larkin,10/29/1991 15:26:10
614e5f06-32ec-47ec-bbe5-45a2998d27fd,Dean Mitchell,02/14/1965 15:27:27
c25fae58-2111-47d4-9f2b-f2e263dcf95f,Debbie Rogahn,07/20/1902 13:56:54
5e84749e-4b25-4015-bdfa-a863f62e8900,Deborah Champlin,11/29/1999 14:34:04
d77b6c43-ca90-4a9e-80cd-70b1e46194d2,Debra Krajcik,05/25/1989 17:50:43
f85a5d7e-683c-4d1b-958b-de3d9893afaf,Della Corkery,07/01/2011 02:04:32
8f54d88a-931a-4d77-a113-410b7fe7265b,Della Lowe,11/25/1873 19:21:48
d425a7ea-3899-41d9-8ae3-fcc47c4fd22e,Delores Prohaska,11/29/1963 23:21:45
e7e38bd8-9905-4da5-88e4-fa609279f4f9,Denise Reichert,07/18/1891 11:00:35
f0ff1b97-d6b8-49f3-aebf-5e07e9536c63,Dennis Torp,01/26/1999 07:36:25
fd5f5466-0250-4534-bb45-ffb33d719511,Derrick Brown,02/14/1947 22:53:21
060e5b0a-b168-4b6e-969d-cbf52f183716,Desiree Tremblay,01/16/1956 00:53:40
4acfb716-fed3-479e-937c-048e0fe8962c,Desiree VonRueden,10/04/1925 05:38:40
b4241b18-cf66-4071-bb3f-18278d43cd89,Devin Hessel,06/15/1995 09:58:22
db8445d7-034f-405a-9612-16126896b59e,Dexter Rau,06/26/1931 09:59:03
d45e25be-3782-4ce5-b7ea-f14e43fd5c62,Dianna Bins,08/02/1964 23:00:28
e6fcaccd-9894-4d2d-8f40-d34589400fb4,Dianna Ernser,05/14/2010 02:50:28
9db126e6-6c26-4e13-88b3-fe37184f41bb,Dianna Harris,01/22/1889 18:30:24
4a737d93-7f82-4296-b2eb-518d826405f2,Dixie Dare,09/24/1879 01:48:15
511afc60-34b5-499b-a5c8-1dcfe40bbc0e,Dolores Grady,06/23/1961 01:47:22
b7a82f30-9b7c-46d5-bf76-b2e2bd4658d8,Domingo Adams,04/06/1872 04:04:50
f1c99669-55f7-4328-89b0-11cb2a8cd27d,Domingo Beatty,03/02/1965 16:35:52
03852968-2cfb-4dc4-a3fe-28b212a0fd0b,Domingo Gerlach,07/19/1954 05:04:50
9148e821-8628-4646-b868-f9ea1828e0f6,Dominic King,08/01/1934 20:05:13
0f78ebc8-219d-4798-ba82-88268fa3949c,Dominick Hirthe,01/13/1899 01:28:01
c6c133dd-334c-4ce4-97b5-d3eb3c0b95d5,Donald Rohan,12/10/1946 16:48:23
f0befd4b-c7fe-44a3-b584-c0896ad0f927,Donald Stanton,09/14/1880 06:15:46
78a98c18-b21b-4e76-9092-d07a8fc13a18,Donna Kiehn,05/16/2008 11:45:05
0766ac81-a7ea-4354-a4a8-2418d0269f95,Donna Wuckert,03/02/1922 15:48:41
fe3bd28e-055f-4528-9d4c-770c7e35620d,Dora Beier,08/13/1907 02:54:45
9265e537-e602-4e7f-ac83-ba59026bbc1e,Dora Blick,07/21/2010 20:58:22
ac7faae2-d2ff-465f-a483-c8be70946c9d,Doreen Blick,01/06/1879 12:16:49
64bcb8f3-9d15-462f-ac84-bbc4f50e8d23,Dorothy Grimes,11/05/1889 15:42:44
00687104-cd5b-4cc0-89ce-4be8eecc722a,Douglas Homenick,12/19/1899 17:48:08
8df1c57f-3db8-4d8a-bc5c-04de42e06ac3,Doyle Hackett,07/12/1866 19:14:44
b07fbca0-591d-492a-8e89-289ae08de689,Doyle Hickle,06/02/1965 19:43:32
ae1f062b-de4f-4635-930d-35a7a7079817,Drew Cummings,11/09/1877 22:35:49
7a3c5231-81d5-4027-9159-2313a5d7da02,Drew Jenkins,09/23/1979 12:03:50
bc96b0d1-8ca7-4588-8dfd-367ae8123316,Dwayne Dach,07/08/1964 03:03:17
7d3f9263-1aaf-4a74-9e7e-f60b887ebabb,Dwayne Jacobson,08/01/1891 23:55:29
9323930c-047c-488d-a9ef-06268c2de152,Dwight Schuster,05/24/2009 10:15:12
64a97edb-760d-4c09-8fe4-974a447f2af8,Earl Kovacek,11/15/1931 01:36:01
066c5264-e1fa-4f93-bc85-e3e016d47b62,Earl Rowe,09/26/1987 03:00:54
8f88bd2b-2fb2-4e07-a17f-bdb1ffb07991,Earnest Quigley,07/03/2007 05:10:25
b018f91d-0ccf-49af-aad0-218adeede2bc,Ebony Bednar,04/03/1929 09:31:01
cf2c847d-22b2-4658-8ebb-ea4cfe1dee1f,Ed Jakubowski,03/01/1888 18:51:16
16858a21-1573-4318-834d-4b8a30c88431,Ed Turner,01/01/1868 15:10:32
1b749668-aa68-42fd-8429-9aa38e1eafb4,Eddie Douglas,08/01/1962 07:41:11
e9697580-11b0-4d60-8d22-0a9aacae0b4b,Edith Gleason,10/31/1905 15:54:21
73f2a596-509a-4242-9f94-b30cc91b3565,Edmond Farrell,02/06/1896 01:50:35
e296fdbb-808f-46f3-a3ed-e7892549eb55,Edmond Kreiger,04/02/1885 11:54:29
688cf12f-17bc-4cf4-a1ae-31ef0189231e,Edmond Mann,08/27/1927 07:13:34
5917e1b1-1449-47f1-b81b-e125d23e09f6,Edmond Mosciski,04/06/1971 07:35:14
8fac299a-1018-4d8a-bc8c-7b37c958b344,Edmond Wuckert,09/25/1884 21:56:08
781aad44-e7d6-4ca3-bb31-480d35d1e951,Edna Carroll,10/02/1863 17:27:37
4e49d2bf-5c49-42b4-8dfe-1ea53783d266,Edna Rosenbaum,07/19/1928 09:55:33
596c18bc-b541-4a80-ab24-fa1c35816ab2,Edna Vandervort,09/27/1965 15:48:36
5620bd9b-a9c1-4b62-8456-210933c636f6,Eduardo Howe,02/28/1973 11:50:48
20956c18-ba92-49b4-a061-02e414c1eaaa,Eduardo McGlynn,10/08/1954 20:36:12
7540cd8c-1194-4685-9672-979fa9e85a0e,Edward Lind,07/24/1990 01:48:34
6148f4c2-21f4-40a0-b9ed-df263e39a616,Edward Mohr,02/28/1956 10:09:11
67b0e4af-59e9-40bc-b552-0d9722c36ede,Edward Satterfield,08/29/1968 04:31:37
ef6b9360-4016-44ac-8955-046bc78b9808,Edward Wilkinson,07/18/1979 17:27:53
d1e2b21c-d18b-461c-8eaa-88ea8174cfb5,Edwin Sipes,08/28/1960 23:55:11
7d0eba5e-6417-4670-95da-4696830583cc,Eileen Macejkovic,04/20/1975 10:09:56
fc696ce7-5d1b-47c4-b8a5-9414b764cb49,Elias Wolff,11/30/1887 07:50:26
c297169b-0ac1-4dbb-af52-e40ae3094968,Elijah Wunsch,01/22/1892 07:34:06
15118d0f-ddd8-4f16-a729-03f53ff6568b,Elisa Greenfelder,12/14/1921 02:21:40
ea9a7ddf-993a-45e6-bfb7-5bb6da6b9590,Ellis Zboncak,01/12/1929 07:09:09
68477b82-8f5c-4664-ae80-ec1ec69ad4a5,Elmer Kerluke,10/28/1885 01:14:04
65ae7da1-2535-4bf5-8917-24b9bc2dbba5,Elmer Ryan,04/12/1966 23:25:07
d8f1bb46-d0ca-4b22-a158-50b109804cac,Eloise Weimann,05/08/1996 23:45:36
64dec312-9eff-4b75-b506-6f6d7bf28f32,Elsa Feest,01/09/1970 14:17:10
27ce7028-346c-4ef9-b252-5156bbce6a67,Elvira Kassulke,08/09/1873 23:52:05
eea70412-c461-449f-a102-014d181b5997,Elvira Ziemann,10/01/1975 07:12:00
ae0794d5-c638-4191-8edc-c7ff5750e55e,Emily Bailey,03/14/1872 13:20:16
2f449b79-f928-4efc-971f-21d661896f83,Emily Conn,11/28/1865 07:41:02
462ab40f-de08-4df1-823f-3299bb4fb70c,Emily Fisher,08/30/1922 00:41:08
9dd47acf-190d-4dea-8d4b-086da31c17dd,Emma Kling,04/22/1997 08:37:07
56bf3f58-6b78-474e-9f78-43c4e3b7f613,Enrique Daugherty,10/25/1989 14:42:49
97078e67-2dab-4eea-8bc9-e4038f2422cc,Enrique Davis,10/08/1998 00:57:52
7abbee4d-b917-4819-b3db-c8b23a0d30d8,Enrique Toy,05/19/1868 04:38:40
b7202112-4b01-4f3f-bb35-3f638658c51d,Erick McCullough,07/03/1989 18:32:38
0875d898-3ac9-4492-b091-60f95753e320,Erick Pacocha,05/30/1894 23:03:40
82158e98-f1e2-4767-a4f6-e410ef9d3be6,Erik Turner,09/14/1894 05:09:16
28724ae5-a12d-4b98-acdf-8deb975ce77f,Erika Walsh,06/11/1948 23:11:24
18a8552c-ef8c-46a7-9345-b12ac7697fe0,Erika Wilkinson,11/16/1885 15:27:31
57e53989-7ece-4b47-92fe-39535b5d473c,Erin Nikolaus,06/15/1897 16:59:50
b6b55280-17e9-4060-a541-98212e3969bc,Ernestine Boehm,07/01/1947 04:37:38
e7cc76c4-b0d2-4de5-8173-119bd3c96c3f,Ernestine Douglas,02/13/1914 04:28:09
3a6b016e-0ebb-4a34-85b6-194e3df07b61,Ervin Hahn,06/03/1931 01:16:33
99743283-a84b-4ef9-af12-8a113c51ab5d,Ervin Schroeder,01/08/1971 17:07:36
c569d9f0-a8a3-4f27-a1a2-d0cc837c409a,Essie Bernier,09/12/1892 10:20:48
02b9b7d8-108a-4d6d-ab90-b9b6aa96687c,Estelle Littel,06/30/2005 16:02:49
bae4b06a-8b86-4109-a370-babc30bc3252,Estelle Mann,02/13/1888 20:22:13
5ea95b2a-0b7b-42bf-8664-96a92655d8d5,Ethel Corkery,02/10/1863 09:57:35
385e0b25-d6fa-4390-870e-4792f6cd37c5,Eugene Lockman,12/29/1921 03:39:49
4dc42f87-08e2-4c47-9041-7cf20e0c1f19,Eugene Oberbrunner,10/12/1926 21:12:22
f543022c-9025-4e60-9b88-c70b43c833a6,Eula Stamm,06/03/1885 22:06:25
95033d4e-68cf-4102-b70d-dcab0bc0d125,Eva Grady,06/15/1938 10:05:33
3df2bde4-4b30-44dc-b61d-eabf139419dd,Evelyn Williamson,11/26/1941 00:06:54
5df2e0e2-f979-4217-8fe3-488836d209cb,Everett Haley,03/15/1900 23:20:35
58db375e-3d4c-45d3-8cfc-2807d45c2646,Everett Haley,05/27/1913 20:37:36
73eb5beb-2ed2-4b86-bd47-b8eaaca4ef13,Everett Hartmann,09/04/1923 17:00:28
3c285d88-2e84-451a-9b8e-b719ae62b70a,Faye Feil,10/09/1923 04:28:38
dc8ec5d5-f1a5-47ab-b28a-e6506415dc05,Felicia Hilpert,04/08/1889 08:05:54
7e6bf498-b435-47d7-87d7-57e67d0e74b7,Felicia Streich,09/19/1945 13:59:15
b845d971-3a21-483c-9e09-f1961aacd12f,Felipe Heathcote,04/20/1949 00:30:38
f6e16cf0-7584-42b0-be18-47b78b1ccb7f,Felix Hane,01/22/1909 23:49:30
2c8f3ad8-45b8-480b-8142-5891ff8373b2,Felix Ondricka,12/02/1909 11:00:54
8c5673ed-95bc-4767-95c7-01c381a7ef3b,Florence Corkery,12/23/1903 22:41:52
690efae0-3985-458b-ade0-29d375b420f1,Florence Miller,03/17/1977 14:45:44
b6b04b8b-b786-4f83-bb03-ad24417a2007,Forrest Anderson,09/13/1895 12:29:43
f0f456d3-b00c-4557-9f5a-edf07e14e8a2,Frances Deckow,03/09/1960 08:53:17
76051d98-f1ff-4be8-8ce2-ac14018fb3b0,Frances Nolan,10/06/1986 15:07:54
952da5e0-901a-4f1f-a654-67ea4353c15d,Frances Ullrich,05/11/1977 23:30:08
1de9a25c-1202-4ca9-9d66-70b14eebbad8,Frank Bergstrom,07/05/1877 20:25:30
f8005c2c-673d-472d-a05c-7b10b49ea9e4,Frankie Carter,01/15/1962 20:43:11
9eb870ab-c4ce-47ae-a87b-474d98db4357,Frankie Champlin,06/17/2002 01:39:03
3dc85584-0585-4459-9b56-262431c57629,Franklin Gusikowski,12/11/1869 22:54:53
1113322c-9fd9-4eab-83d7-88bdba805f26,Freda Abernathy,12/13/1911 08:56:58
5544efca-7532-4b13-ac11-31152fb58744,Freda Rau,02/12/2011 14:07:23
bbf28cfa-9095-43ad-a2f3-f3e85ff95f05,Freddie Barton,03/13/1959 08:24:04
ed5ab7a6-f9ba-4756-b4f4-4b5e4d040ec5,Freddie Gaylord,03/15/1979 23:45:47
2cf1c6f0-6276-4654-ae67-8c6a98d910e3,Freddie Lemke,12/31/1913 18:57:41
57ac3494-3192-44c0-b244-327c110ad6a9,Frederick Beatty,03/20/1952 13:53:43
12c61f1f-62b8-4d08-a174-5731aea2665e,Gabriel Adams,01/10/1967 16:11:27
309312ed-0adf-4428-81ef-c013d3e104e6,Gabriel Mante,11/14/1974 12:07:34
8c3d0038-0a67-438c-9ab5-829f9f72e64f,Gail Klocko,12/26/1914 07:47:56
8cf33827-025f-4dd4-944f-d256bcae2edf,Garry Fahey,07/21/1883 19:59:55
5b515384-a518-42f3-b212-a890c9437e27,Gary Kessler,05/31/1964 12:43:11
c9adf6d9-0731-4225-a312-ca73da6b9402,Gary Skiles,06/28/1975 20:17:57
7c854340-9012-421c-84fe-914492e51a5c,Gayle Zboncak,08/30/1878 06:15:07
6532fa43-7cde-4034-bcc2-839e4d9760d3,Geneva Dietrich,01/04/1999 02:12:50
cee5208b-c56f-49ce-abd9-7e3e4d5f04e5,Geoffrey Hills,08/18/1983 15:23:23
893f9e4c-d695-464e-a49a-6d4b63ca06b5,Georgia Cummings,09/30/1879 17:15:44
861eb517-eb82-4246-84a1-652f7d52645e,Gerald Johns,02/02/1961 21:07:53
b01385e6-3b34-47ee-b8da-12b00e227758,Geraldine O'Keefe,08/06/1889 22:35:54
0ba1a6e8-949f-41b0-9914-27135f1014a3,Gilberto Erdman,02/23/1988 06:38:54
70f39964-b6ec-4a2b-b6bf-8511748bd767,Gilberto Smith,10/01/1874 14:51:36
e76370be-acca-4fa1-bf90-de683f6cdeae,Gina Bergstrom,04/26/1880 12:56:51
f45bed92-5e47-48e5-9001-63fbcf318852,Ginger Lowe,12/23/1873 00:54:20
ca7f2e89-4105-437a-990a-2729826e3280,Ginger Stark,11/30/1920 23:29:27
8851b6df-3796-4896-a058-e8bc8c506d6a,Glenda Brown,12/25/1949 08:36:31
181aaf1c-14d2-405b-8838-0496f7e94eed,Glenda Moen,11/29/1986 01:43:52
c3c641e6-5bc8-4bae-af7d-4ae574fd4edc,Glenda Rosenbaum,07/09/1927 03:12:08
7ed751ac-1cc7-4213-aeef-35c3278de3e6,Gloria Romaguera,07/01/1911 12:14:39
51f0186e-f3c2-4cc7-ba05-99a19e2398be,Grady Koss,10/18/1884 23:49:33
ac488800-b293-4e3c-8f67-a55b7ba8a407,Greg Hauck,10/23/2001 13:18:22
dda8dbac-f5cd-4f2f-84a2-fe06bda4f8ff,Gregg Jacobi,08/24/1884 19:11:14
3998d9ec-6dc0-4325-9100-b319370a04f5,Gretchen Gulgowski,08/16/1934 18:33:06
2defd8d5-2711-4c2f-8e52-1b4865371c6d,Gretchen Schiller,02/21/1953 02:08:07
7cebcc68-2e67-4198-94ff-7325d1a66cfe,Guadalupe Kirlin,10/14/1904 21:21:16
6c6155f0-d9c9-410c-a6b0-f658e07bdff1,Guadalupe Kuhlman,03/25/1931 00:14:40
2b296fab-9041-482e-9230-efd67ccaec10,Guadalupe Mitchell,11/21/1958 18:36:50
fd1b1ebe-a279-4d4f-9441-7d2a6d4365ba,Guadalupe Purdy,01/11/1922 21:37:09
c274817c-3578-4c33-9446-71cd10d8af11,Guillermo Kunze,09/13/1918 11:26:07
a3ae0c46-3cb9-4cc0-b6d2-daeba311c938,Guy Boyer,06/06/1967 17:57:38
32b4f11d-fd53-4241-b73f-d171f74c6619,Guy Wiza,11/01/1949 16:53:29
c937aa00-ef2c-447c-8ce7-f56c802be34c,Gwen Altenwerth,08/07/2006 01:10:54
eb7d8f34-9a02-4443-b47b-8aeab70650b5,Gwendolyn Feeney,07/11/1946 23:00:51
81711e81-04b6-4f87-9d78-9e52fc790e0f,Gwendolyn Hoppe,12/02/1973 04:39:40
7eafda4c-c4ba-49ae-8310-1dbe07d1e1c9,Gwendolyn Vandervort,05/30/1940 18:21:15
d4418279-b726-4e27-83fb-a16b4e33ff93,Harriet Collier,08/27/2000 22:12:54
3a8b4b84-51eb-4585-bec3-eeb948e58f87,Harriet Emmerich,02/28/1927 16:44:21
6ff427e4-9aa7-4b38-bd77-2a6263242646,Harriet Mitchell,10/24/1862 10:20:50
409dc1fa-8cfa-4d99-b850-eda55857a13d,Harry Fahey,05/03/1971 06:56:31
5e1d1302-b685-49b3-9a10-730b3c0c9770,Harvey Brakus,07/14/2008 09:48:52
76f8fe75-651c-4492-b776-88999a35e54a,Hattie Lemke,10/11/1893 12:30:09
d7b8ce5f-64c9-4643-ac15-200f6fd791e9,Hattie Schultz,07/26/1866 09:27:24
4af4b22b-104a-4079-83bc-0fae2907b549,Hazel Considine,11/29/1980 20:57:11
b0c5e776-5991-435d-9076-958577ead6ba,Hilda Bruen,10/19/1948 18:46:19
ad7fa812-8081-4f46-86d0-be08cfe550ad,Hilda Nolan,04/24/1958 06:53:43
210ddf89-f61a-490f-8918-9d0f31731a00,Horace Boehm,04/14/1990 09:17:13
f64433a7-6980-47f7-a568-782171d86d5f,Hugh Feest,11/20/1954 00:54:06
32528ad5-952a-4c8d-92c3-f0f36da9a3fd,Hugh Vandervort,04/19/1893 06:18:40
5d8d59ae-f140-410e-a678-776d5719e481,Hugo Wilderman,04/19/1940 01:51:20
59a1bc32-b77b-4390-bbd9-cf3aa362f237,Ian Cummerata,05/04/1876 11:42:03
1b18116f-b6d0-418b-b383-582e68d063f5,Ida Casper,02/16/2005 14:35:43
355b1d55-d67c-45cb-9f78-af6267c52fe6,Ida Kuvalis,11/06/1902 07:51:52
1f904644-e936-4258-a438-068a79213fb3,Ida Leuschke,09/21/1958 18:45:07
f7fdd724-b1d9-469b-8659-f64a3909ed3f,Ida Lowe,07/19/1894 23:31:04
0e0c7c37-2ca0-425b-8c2b-4c70924822cc,Ida Schaden,01/18/1883 05:23:22
2b7e4ac7-f6bd-41ef-9c7d-6bd7df4caadc,Ignacio Beatty,05/29/2011 16:48:58
f3471558-8e39-4fb9-9434-236f35128a7b,Inez Quitzon,07/09/1925 08:19:14
dda093a1-34ee-4ea2-847e-881fb248c51f,Ira Gulgowski,03/30/1947 16:20:35
97100c89-d440-4ee2-a7f6-d730cf242655,Irene Weissnat,12/11/1873 11:58:19
1ed6297b-46c6-4539-8152-0d6669ca0bc4,Irene Witting,03/22/1989 10:13:19
8d0367ba-5cee-4f66-8a58-a488339ceefe,Iris Hudson,10/29/1888 11:53:00
2cd1e3d1-3c7e-4dab-99ca-689720c1fde7,Iris Wiza,09/03/1913 18:30:42
114149eb-8986-4631-9835-dcd4eb5a0988,Irma Haag,10/11/1983 14:25:11
c9be1b91-ba21-4445-b10d-20a8d91a592c,Irma Ruecker,10/20/1929 23:50:15
e57d1ada-9105-4fea-ab59-affde518437e,Irvin Crooks,01/30/1871 18:11:11
68d91268-e4dc-4d73-b998-23d68edc0a35,Isabel Jacobs,07/23/1882 22:52:52
1a88d522-9f10-48d4-b009-e87072c14031,Ismael Douglas,05/08/1920 11:05:53
0ad99901-4b0a-4b6e-a1d2-252fe7579e92,Ismael Hudson,09/09/2006 17:19:29
577fcf93-830e-45eb-807d-7567957cd9ea,Israel Crona,05/13/1999 21:05:18
a699158b-1df3-4afd-8706-a61347615fcb,Israel Johnston,01/28/1909 15:19:10
465d9492-c6a5-4432-8eb9-7d2a6f170824,Israel Welch,07/17/1898 11:30:33
aa27aa29-459d-45ab-ac0c-1e4cb4e86590,Ivan Keeling,06/28/1871 20:38:14
09b4db5e-2817-4e88-884d-1ece259ab3e4,Jackie Lemke,10/04/1908 09:42:11
81d59568-a96e-4d82-bc97-47cb98071207,Jackie Thompson,03/20/1951 20:00:35
bd4c45e5-5cc9-4313-99af-499e9c62b17f,Jacob Langworth,12/06/1865 02:04:49
e94a57e2-2de9-4cd6-9716-786a4324684f,Jacqueline Crona,01/06/2007 16:47:03
63829249-75bf-4735-abf5-c7f5153834ab,Jacqueline Mosciski,11/11/1918 05:26:17
912eb48f-d99d-439c-932b-adce61f0e328,Jacquelyn Batz,11/17/1980 18:53:40
6b557653-7157-4aa1-b68d-9c8652cfd6f7,Jacquelyn Koch,07/25/1953 01:33:55
fd0998b8-42fe-492f-b74b-a7faa671e236,Jaime Rutherford,05/12/1888 07:27:36
2b15b188-978f-4c2b-a1c8-2cb2716e46e6,James Schroeder,03/03/1895 10:56:01
d4019531-ce5c-4b3c-befb-a95a28e9c917,Jamie Dibbert,11/24/1966 03:27:24
79811fc1-f15e-4a1a-a082-250f5f514866,Jamie Ernser,07/27/1977 06:03:40
e52476d2-87b0-4c77-848e-1e424e38fdfb,Jamie Stiedemann,08/08/1887 13:08:58
22965183-5304-4607-b998-9bcd643869cd,Jan Auer,12/15/1921 12:13:42
ad909b2f-a2db-4a74-a38b-b82dec234949,Jan Corwin,01/06/1915 05:35:27
ce73060e-9a0f-487c-a404-bdd50f875fd9,Jan Legros,12/28/1873 14:58:00
39a467f7-3c9f-4a36-bf98-c20153ce6006,Jan Swaniawski,06/17/1935 16:44:07
785cba11-ecb1-4e92-b449-9ac4406e6301,Jane Waelchi,12/19/1953 05:51:33
341ce3f0-e379-42dd-b261-962110a45ab0,Janet Moen,10/19/1919 08:16:19
522b265d-da1b-45e7-a53c-d286215edb99,Janis Jacobson,04/29/1907 01:56:53
9e383a5d-97bf-4123-b068-bb4f7e2ee071,Janis Kub,06/23/1917 03:03:02
69b4ef49-1a63-47c0-abfc-7ed9980e398d,Jasmine Schroeder,05/09/1879 23:08:21
9111639f-cdbc-4943-b6d0-1e6716faefdb,Jason Wiegand,09/14/1921 01:04:10
e39777cf-fef1-4ea1-a613-c2578814c962,Javier Kohler,04/29/1885 09:32:13
e7579ae2-9f3b-4cb3-8b19-ea5ab81ff636,Jay Upton,03/17/1950 23:00:26
73c008a6-f44d-4663-8a44-505b7147c291,Jean Friesen,05/19/1993 22:26:52
adbda8b0-7b07-4424-9125-f6e7521243ea,Jean Grant,05/03/1948 06:53:28
010a48e3-aa82-48db-aa89-49a5efdc5129,Jean Jerde,06/07/1976 00:29:53
b980cc19-199a-4ff3-bef7-6848fdb73e8e,Jean Predovic,06/28/1876 05:10:23
f7b28902-c640-4d71-9064-ab20126b275d,Jeannie Lubowitz,01/15/1869 00:12:10
b18a5974-e1a1-4992-8396-af135b8c940c,Jeffery Kihn,06/08/1982 18:50:21
d9fd062b-039b-4bac-bfe9-ebfaeb10c7d8,Jeffery Ullrich,04/18/1977 11:52:36
b45a0b44-2285-46c9-a5d3-37277074aa66,Jenna Bogisich,08/11/1868 16:38:53
c5ea98c8-9c1f-415d-b063-abfb4bbbf9b4,Jennie Stehr,07/27/1914 01:20:29
cd4ed539-4d78-4b44-8de0-ddc8e8ce7cc1,Jennie Weber,02/03/1901 03:29:02
41bad1bd-476f-4f04-ac5e-15ef44c5cf2d,Jennifer Walsh,05/09/1883 00:28:35
1cbb1349-0cec-490b-985a-da919c756f31,Jenny Heidenreich,01/11/1893 03:09:48
7ddbac0a-c9af-42ad-8eeb-a6121553e582,Jenny Kuhic,07/22/1986 18:11:55
92039ccf-6a88-4b09-9669-e020a9632dfe,Jerald Wolf,09/29/1950 12:49:30
9b101a5f-9b9f-462c-9686-c2eaf2b54eac,Jermaine McGlynn,02/18/1915 08:11:52
cd6f0768-dc9b-4ea5-8fc3-8a420a7c877e,Jermaine Ondricka,01/05/2008 16:17:52
5786d9b8-0cb2-426c-8f6c-1b15125d5ac1,Jerome Cummings,08/28/1864 15:38:56
2373b733-f109-48f4-bafa-cbac5c370ad1,Jerome Frami,02/03/1925 19:50:56
1be74811-d832-4c8f-9755-8fce24545ff2,Jerry Bailey,01/18/1911 12:26:40
35da13ca-57a2-4a0c-af9e-bf4354bf1050,Jerry Roberts,02/20/1904 05:01:37
252cb810-b3fb-42b9-9555-54688b757372,Jessica McKenzie,01/25/1987 18:40:17
017fa9ba-c022-4621-ba54-06a4b3795d22,Jessica Strosin,09/09/1870 01:47:31
794712b4-4f87-43ef-8cf0-d4bf2bd3b7da,Jessie O'Reilly,11/04/1953 09:27:09
ef780d10-12c4-4764-92f1-436ddc3a785f,Jesus Kassulke,06/19/1881 18:11:13
4fa192c6-fbac-4028-89fd-2275bf5adf9c,Jim Stanton,02/03/1905 07:25:44
acb3b886-9a4f-4a4a-a4e4-613904ed3090,Jim Steuber,04/27/2011 12:27:16
53d550a1-4382-4140-a7bc-d2c707177e8d,Jimmie Kunze,07/24/1918 01:09:59
af92faf9-d3f4-4ec5-8b76-fe9e498564ac,Jimmy Ebert,11/05/1984 00:10:45
e6845c64-5c4f-4f0c-a5d8-3d1ef57cd28a,Jimmy Torp,03/07/1979 11:39:34
31cf690a-1260-4100-889d-068972ff70f4,Joan Bailey,10/17/1904 22:39:08
eed94d89-9681-4d71-8f04-0d1bf93529b3,Joan Schneider,05/03/1878 11:58:32
c1075cab-3c21-48b2-acac-0cec81f7f560,Joann Rosenbaum,01/20/1879 14:46:05
f81ffba8-208c-4f99-902d-065d10cd3f31,Joanne Bernier,08/29/1920 18:18:22
4ac5b05f-bb11-4547-b130-e9fe0f67ecd4,Jodi Braun,07/04/1949 01:45:27
cd4312fc-cc79-4f2b-a265-52f716b57258,Jody Russel,06/24/1996 16:58:14
9478d9e6-692a-454b-aa94-4306f7b65f98,Jody Schinner,06/24/1903 02:24:43
4822eceb-cac1-47ce-af45-8e38d0ca8fa0,Jody Zieme,09/12/1963 16:01:51
e3d04e4c-47c0-42fe-bd1a-ba7d1534c548,Joe Ankunding,10/12/1983 06:43:56
6bacae8c-8e28-4da9-b571-8c4432287ff4,Joe Batz,01/26/1866 18:16:00
e48fb280-279b-4702-8c00-87e7dfe3c627,Joel Rodriguez,07/02/1936 04:56:39
53ebebda-57c7-4424-8f60-54f453c032a0,Joel Russel,10/21/2009 09:08:43
6cc5c3ac-ea3a-4c83-8ba7-345ce11e95f1,Johanna Crooks,11/18/1915 11:37:40
5d945701-91a6-4ece-a2fa-927acd66202e,Johanna Legros,11/06/1976 18:31:19
8a00e396-66cf-423e-814e-23674470b5ae,Johanna Mayer,09/30/1925 21:43:48
a5d82232-4810-44bc-a7f8-c69fa40408fa,Johanna Nolan,09/02/1948 09:33:09
5daf25da-5dc9-4fc0-b6ac-226df342d797,John Zieme,03/16/1930 06:57:00
2f1f5402-b6d2-4ca9-9e8f-588868722dcf,Johnnie Stroman,05/07/1929 22:46:39
91790bf4-f774-437b-a77a-46b521c179f0,Johnnie Walsh,11/10/1893 11:53:59
9351cfd4-d90c-4400-baab-dd320072f5b6,Jon Bosco,11/11/1881 21:25:02
65185d5f-8b30-4569-b136-b8e08df804a2,Jonathan Hettinger,10/23/1919 22:30:05
b5dfa9c1-6ea1-42fb-9e35-968eb0250e70,Jonathan Hills,10/02/1882 00:23:04
ce149d2f-9576-4ea5-a74b-d64a33b34d48,Jonathan Roob,02/26/1925 18:02:01
17616fd6-e6f1-449a-9020-d90193911dda,Jonathon Feest,11/09/1867 06:00:16
27b71a2a-8c75-4c7b-865b-e39268149db4,Jordan Corwin,01/14/1869 22:58:08
0b30c7ac-4364-4c24-a117-8e2a8abaac29,Jordan Ritchie,08/27/1922 21:35:22
6e69c867-d66a-4e16-b60d-8c3dab2564ad,Jorge Turner,11/08/1942 16:35:00
0cf9dc96-0c0b-454b-8ef9-3e8e425bf1ea,Jose Klein,05/17/1913 11:03:47
702b50bb-0d59-4756-a57f-a3a99fa20d66,Josefina Lebsack,11/02/1877 01:04:58
f50dbd1f-8274-4e78-af48-3560cc630ffc,Josefina Zemlak,12/15/1908 20:25:58
e3182951-f222-447c-94c6-87867ef003dd,Josephine Balistreri,04/05/1920 23:08:40
7953b692-c15f-41e1-835a-67e081b9df47,Josephine Kozey,08/20/1943 11:27:50
99428701-3564-46e0-a125-5f5cd4412c9d,Josh Daniel,09/12/1895 01:37:16
bab3f608-19ea-4660-8d7e-745a2566b74c,Josh Glover,08/16/1967 18:34:46
f539c072-212f-433f-80af-c440e11cecaa,Joshua Hyatt,05/09/1965 08:15:08
10af2d11-b2af-4dba-a084-c783b379ffaa,Joshua Jakubowski,10/06/1883 15:18:27
cad880d1-d04f-48a9-941e-35d6c83de9b2,Juana Bechtelar,08/31/1944 01:50:40
40e7d9b2-1986-4d3e-836d-36f38e2f3666,Judith Rowe,07/25/1919 10:04:30
7d780c79-fb5b-42fb-919d-1a0f0e2a45a9,Judy Auer,09/30/1913 02:58:38
f4cbe006-4134-4fad-9305-dcd37ee7b83c,Judy Volkman,01/09/1989 18:22:57
4cd16ac5-598b-4b9a-b6b5-e9aade4810b4,Julia Cummerata,10/24/1936 01:51:57
5cfaa479-d203-4aa8-bced-cf4c15a9209d,Julia Mosciski,05/28/1969 05:00:58
aedc9253-587e-4bcb-8741-b29fbd724222,Julian O'Hara,05/17/1971 03:09:27
9c4a00b3-8285-4519-a196-7fd3d2346367,Julie Miller,08/06/1929 06:47:09
b40e55bc-5ae1-4cdf-bc1a-cc0d61e4c72f,Justin Kuhic,05/03/1882 06:59:23
352291ae-fbaf-42c2-8adb-937f033850c9,Karen Paucek,04/28/1978 19:35:36
bd8bc37b-f9cc-4d1b-869c-07585ba6d80b,Kari Blick,04/25/1998 01:57:41
2f338828-dab7-4427-b12f-6245d0dd1d3d,Karl Langosh,09/06/1931 22:02:58
dd79037e-b054-4c57-8137-a679a14dce3c,Kate Johnston,02/08/1915 08:35:17
b81deb84-cb94-467e-89d3-89161355c554,Katherine Turcotte,03/17/1934 05:59:19
a65763b2-ad5a-4fb4-9faa-c8b77933c516,Kathleen Adams,06/21/2000 16:54:46
d290651b-234d-43ee-b5b3-92524978a31b,Kathryn Oberbrunner,02/14/1890 19:47:13
19838e22-986f-4dc4-841c-be365ea20ab3,Kathy Hammes,12/27/2004 15:44:59
b2b10d03-9766-4bc5-8b00-e2e490332944,Kathy Hickle,04/03/1890 06:57:21
8a01d566-a4e4-4318-b76e-d5f6d0cb6e42,Katie Hartmann,06/07/1934 12:45:54
9f89fc7e-2b67-4b89-8e92-5fc9ecac9edc,Katie Lubowitz,04/13/1882 05:46:54
9ea7c300-c8a7-4769-8df7-a05a70a681ad,Keith Hansen,09/18/1925 18:13:28
7760cdbb-baf9-4ced-9b74-0d5f228d6f65,Keith Herzog,09/10/1881 20:54:35
cc68306b-1071-4eac-bc1c-4029cfdaa881,Keith Ortiz,07/21/1940 05:01:47
dc289561-6ad9-4ed5-99a5-985d014ca042,Kelli Haag,04/14/1908 22:48:43
60d03fe7-f864-4770-af43-7c29121b620e,Kelli Runolfsdottir,10/14/1889 11:57:43
a9a8c214-5035-4f83-a359-d83dde51b9af,Kelly Gorczany,01/12/1898 03:02:37
7fd3a456-3a18-4ff6-8b5f-df27e2e1a61f,Kelly Haag,05/09/1995 23:22:40
52123ce2-9132-4f7d-bcf4-e709ffbb0bf6,Kelly Lang,06/27/1870 19:35:53
f11cf805-3c17-47fb-8e67-c3bc10c96f2b,Kelly Reilly,08/14/1867 03:54:37
ad3c69df-8fb7-480d-a065-7cfd46fb7446,Kelly Toy,05/19/1955 20:39:44
d473b2e2-c360-45d5-8eab-b8fa7ea50e6d,Kelly Vandervort,06/05/1967 08:17:16
60d4bce3-03ba-4db9-9aaa-b75ae51b9cd9,Kelvin Gleason,11/09/1902 14:09:50
7bc06abb-4e2d-429c-a2b7-af2c15092cd2,Ken Breitenberg,01/04/1978 18:47:22
907d1eaa-af9f-4dc1-abff-f223d1b898df,Kendra Bartoletti,10/23/1971 22:35:00
6c579dd4-8dc2-4f6a-a681-faf5f975cd6b,Kendra Gerlach,02/17/1881 12:55:55
68abb18d-8d50-457d-ace2-e04e852afdd4,Kenny Waelchi,08/05/1871 19:17:32
725eef0f-13b4-4082-824c-172f56ada5a6,Kent Turcotte,08/14/1907 07:06:32
e855e2da-1e49-4f6a-9181-0c959d632acb,Kerry Abbott,04/16/1885 13:39:40
a525d9fc-7a65-4f2e-8c9f-26f4af9cc6a4,Kerry Bernhard,01/16/1986 16:29:26
19c472db-973a-491d-9feb-0a1fcb81bb90,Kerry Deckow,07/28/1989 18:12:19
fb58897f-0252-4e53-accf-b1be6685fc66,Kerry Yost,12/19/1902 22:48:08
6a06680d-92a8-4377-9849-952042893754,Kim Gerhold,04/29/1893 19:27:19
b4a731a9-9ebe-43ff-9087-96cd1b8989cb,Kimberly Renner,08/11/1904 00:55:04
03b0e0f4-4270-4319-b78b-fc4a11ec000c,Kimberly Terry,01/12/1975 21:00:21
ba9837a2-9685-4bf8-b6e7-c497111934eb,Kristen Ankunding,04/24/1929 10:08:15
3af63c66-bca9-4ac0-a600-715f8fa77697,Kristi Bogan,01/11/1879 21:29:55
49941b55-7072-402d-a3d5-9c613a5c5b78,Kristi Morissette,01/16/1912 22:15:00
11087660-04bd-403c-b91b-af4214632795,Kristi Padberg,10/30/1969 13:46:07
d0fa4a10-4ad2-48e1-acde-f0f605a66711,Kristina Kuhn,02/23/1939 07:46:35
301d9631-0ffc-4087-9ca5-dcf3001c8d26,Kristina Larson,02/24/1930 14:35:21
2e8beee7-2b1d-4945-97b1-774c302661b4,Kristopher Lind,07/20/2009 23:59:00
9d1d2b8d-8e01-407f-8d06-3221f90b3367,Kristy Kuvalis,04/18/1910 03:33:01
b672c595-9d3e-4449-926d-b2a57ecc4e7f,Krystal DuBuque,08/10/1922 09:06:35
3292d3d6-d700-47cc-8e33-602e69610af5,Kurt Barrows,03/13/1948 20:49:59
3d4cdfdd-52e8-48ec-b50f-b339779719a2,Kurt Toy,02/19/1891 20:10:57
8449d98f-d498-41cf-8475-54bf4efd981e,Lamar Mohr,07/21/2009 15:07:14
2ed61acc-2bd3-49e1-bc33-a5fdf1aba8bd,Lamar Mosciski,10/06/1914 18:13:45
c203c2a3-5749-4896-be26-a5610cf72acb,Lance Moore,12/10/1892 02:06:28
ea71cc00-eab8-4045-b5d3-8d1b0342fadf,Larry Hodkiewicz,06/25/1983 19:15:29
d3d6820e-9825-4773-b49a-cafac7a57698,Larry McCullough,01/31/1956 07:25:20
4343aa28-ed48-4296-97d2-42ce6bd53774,Latoya Labadie,08/30/1945 19:43:17
2218eac7-d022-4d9c-8e15-a99fdf8c6111,Lauren Rogahn,04/12/1956 16:49:54
83b5dbcc-ef82-481d-93bf-f4aebb6e6d78,Lauren Runolfsson,12/13/1941 12:07:20
c035a744-8ff1-4fbe-809c-54b98a35511e,Laurence Oberbrunner,07/09/1956 18:14:40
aa2677d6-4d87-45b3-8116-e5c66e2f05bf,Laurie Armstrong,09/29/1885 22:27:33
ed6a1579-4348-4c09-9771-75cd6bfdcc4e,Laurie Muller,01/04/1990 20:09:01
e06ce2f1-de78-4420-8e0b-be411b745244,Laverne Bruen,05/14/1984 22:15:55
e678ac54-5bcc-4db1-a455-7fad391eceab,Laverne Maggio,07/31/1863 02:36:30
e822edbe-84ae-499a-9890-aaa35f42757f,Lawrence Bogan,08/17/1928 12:55:50
b09b7ef9-3b0c-4ceb-a8f0-221e46dad85e,Leigh Buckridge,04/19/1984 05:43:02
dcfe8afc-7080-4160-9545-5b508610890d,Leigh Paucek,05/01/1977 09:33:28
74aec3d7-8c1b-4ebf-9b45-8e6836320e33,Lela Greenfelder,02/29/2000 22:29:40
f159ce4e-91bd-427b-b51d-eb72d2e7e7c8,Leland Homenick,07/15/2002 06:12:08
a1f5c3e0-8729-4538-948d-7962d80b41e1,Leland Kihn,07/08/1979 12:45:38
baae7e73-3688-4100-a688-a9f1ebf47333,Leland Maggio,04/08/1911 09:10:32
1a468b5a-7ef5-4613-9175-4e704b8f2936,Lena Hagenes,03/15/1959 06:55:02
08b38bb4-bc13-449e-9a32-fe971226b4f0,Lena Parisian,12/08/1906 09:54:59
00704799-8f8b-4bdf-bcc5-552aa9ae2733,Leo Schmeler,01/20/2000 19:00:11
e5a14952-4d29-49fd-9c82-5c2925383cd5,Leo Zboncak,01/19/1994 22:47:29
9ef06e2b-91f5-435c-846c-5f95bd44bfdb,Leon Mann,02/19/1863 16:06:14
fa549092-37d4-4760-b868-487a83cb8875,Leonard Fadel,09/24/1983 16:24:01
d37b9c00-b53d-4a74-a73a-4707d5cee5eb,Leonard Kuphal,05/16/1893 14:30:45
1512db18-2506-46f5-a5a7-4807aff48b52,Leonard Reinger,08/13/1938 02:24:00
36f5383e-029b-40d6-83a8-ea2ccb9e925d,Leroy Corkery,09/05/1882 08:48:05
25c01b3d-17de-4525-9136-2ece1352add1,Leslie Sanford,10/18/1906 20:44:54
53a40087-7d01-49f9-97ec-fdc3824e45f4,Lester Wehner,09/08/1970 09:51:28
b57a55ce-7256-49c7-a4d3-a588b26f3940,Leticia Flatley,10/22/1971 23:26:08
906c520e-ff93-4371-a2ce-e01b0b72953b,Leticia Kris,08/16/1917 17:01:44
bef7a3cd-d735-4b70-aef0-26f0b96a0f8a,Lewis Sanford,04/04/1933 05:25:39
94c72004-d283-4fa3-95f3-41d16fac1ebe,Lila Lowe,04/05/2005 09:28:34
574f537b-3415-4bf6-b333-2a4b6fc8be72,Lila Mertz,12/05/1931 07:57:13
70e36d54-cc00-4f4b-bf81-d8a997c034a0,Lillian Russel,09/24/1939 05:12:32
be51d6c8-426d-4966-9cca-67bd818c76c8,Linda Gerlach,05/25/2008 12:25:06
1315e876-3a85-4e3d-84db-446691f71b37,Lindsay Carter,12/28/1970 06:38:56
f25f7394-d87b-4dd7-ad8d-3a52d3924aaa,Lindsay Ortiz,05/31/1912 04:29:21
a47f34a9-a853-4e9a-b0f1-f7ab0acd07c7,Lindsay Rowe,09/24/1985 13:17:03
28ebaeb6-d04a-4119-9dcc-e9da1c4e3b1a,Lindsey Hills,02/03/1966 06:05:55
8b13d646-4f33-4943-81f0-31937642f0bb,Lionel Stark,02/14/1980 04:33:55
9353002b-c433-45f6-b90a-6a7c65fb1456,Lloyd Collins,08/19/1956 08:29:25
75abef0e-2e5c-4b79-b009-b8ffe9cad46f,Lois Beahan,04/05/1887 21:09:18
70f4c77d-dfb6-446e-968a-14d91c68a0aa,Lola Bauch,03/24/2010 19:12:15
a8cd8f74-23d7-4749-8683-63f06bbfe46d,Lola Buckridge,07/19/1989 19:22:58
c66cf68b-6ff9-4a19-9810-6b5abfd90759,Lora Cronin,03/20/1918 13:31:05
9c843160-f6b2-4b75-915e-1cb9e97090a7,Loren Schaden,07/07/1968 15:19:43
58ed63e7-4a30-4004-9c36-758e7bf1b00d,Lorena Bogisich,01/18/2003 04:05:58
4cc1076c-7f23-4ff0-9708-d10a37734528,Lorena Swaniawski,11/06/1908 18:17:30
ac7eb4a5-a2f4-4b27-b21c-f44243e099bb,Lorenzo Reichert,04/26/1883 16:52:08
1d28643d-1059-4791-949d-1fe6c04768b4,Lorenzo Treutel,09/24/1956 05:25:10
cb910cb3-51b8-4b56-a818-83419d703f74,Lori Boehm,06/08/1945 16:50:45
06bace19-02fd-440a-882c-15b83477bd50,Lori Leuschke,03/17/2008 00:47:34
73709863-d2a2-4516-92a6-8150a666f65b,Lori Maggio,07/18/1913 12:49:07
3dc28e1c-5bed-4b44-afee-740457b701c7,Lorraine Fritsch,02/22/1954 23:12:09
545932ed-c75e-4ce7-95c8-dbd13ee4ee0f,Lorraine Goyette,06/11/1880 09:40:11
3e1eb56c-c275-4a7a-94df-9d7be078d948,Lorraine Kuhic,04/15/1956 09:46:54
5e65c9d7-cb9a-487a-b24c-10e86cd3fcd0,Lorraine McDermott,05/26/1983 16:12:54
22199b01-7c41-4ef8-8ffa-32a1aaa2f984,Louis Feest,09/22/1900 09:42:35
69cad046-f7e2-4110-af00-e32ac1a90eb4,Lucas Doyle,07/31/1991 18:17:06
fef2ca80-7fed-4f72-ae68-48bfa8ab2d26,Lucia Schneider,02/19/1965 16:26:18
22268c26-312e-4cda-a169-5aa51aa4ffb8,Lucy Brown,12/09/1882 06:22:30
a432d175-85a2-4cc9-8c4d-4c61d5ccb91a,Lucy Swift,03/15/1970 16:46:03
262d89fd-b561-4fc5-bb88-22eecf9df009,Luis Ernser,04/18/1876 14:28:25
bdba5a66-302d-4d69-83bc-3fed8ef6f24c,Luis Feeney,03/24/1901 03:37:27
5427425f-3f79-455e-acb6-9b699a377c75,Lula Stark,09/24/1891 06:48:08
f16613ee-fba7-4452-97c8-f37798f6e8e0,Luther Murray,08/18/2009 21:27:02
8848013b-1aa0-4f06-845c-19439c1e1fa2,Luther Wilderman,03/19/1959 21:00:00
9b5700fb-7c7c-4a9b-9904-19922ac82f06,Lydia Glover,12/25/1875 09:51:02
985e50e9-6d0b-4baf-b5e0-a9b8fcef1c4a,Lyle Kuhn,04/27/1981 19:42:58
9bf4ad85-7a7b-45f5-9628-0d5baf0a43f2,Lynda Thiel,05/30/1988 22:12:39
1984ec53-b3eb-4072-81f8-27a1a4ef76c7,Lynne Marks,12/27/1948 08:42:03
22820d79-18f8-4d97-806c-30dbf6150c6c,Mabel Grimes,09/27/1963 07:40:40
0fa45a10-c5c7-4f2a-89f9-49c2df30ab5d,Mabel Littel,02/24/1967 10:55:58
981f879d-65cd-4252-91ec-81bb299dd05c,Madeline Hills,03/08/1909 01:46:57
b6b13971-fd90-43e7-8d6c-39642d3bd2b1,Mae Bailey,05/08/1895 12:28:09
647b18d7-e04d-4376-ad37-e5bafc8fd3bf,Mae McLaughlin,07/14/1865 06:27:02
16ec513f-c3b1-4411-abd1-9ebd62f2b590,Mae VonRueden,01/07/1913 20:51:42
b3afcebf-714c-42f2-8837-4477ce395a5b,Maggie Walter,12/06/1954 04:09:15
10354f7b-c119-40e1-a15a-2a129a76442c,Malcolm Boehm,09/24/1951 21:00:26
0fd41dcc-d73b-4381-9b3f-1e1fae427ba5,Mamie Emmerich,01/20/1977 23:26:35
fdc93b69-8791-403c-98d8-7485a81ec462,Mamie Schmeler,05/02/1918 22:46:47
fb589635-de8b-42e5-96e8-eede6ea46438,Mandy Batz,12/19/1961 06:06:13
bcda8a11-3af7-4da1-97e2-f186193fe280,Marc Parker,08/29/1916 16:21:32
9276f334-a770-4193-b40e-d39eb4697c5c,Marco Becker,09/03/1866 04:06:16
b6c99b6b-82e8-4c78-b6ff-565d8c2ae859,Marco Nicolas,11/11/1870 05:05:37
3f9162b2-469f-44f3-84fe-44cac2e39c60,Marcos Beier,10/07/1908 10:04:40
36f0cbe2-e210-485f-bf2b-5214034de104,Marcos Hegmann,09/04/1962 21:00:27
d6dee7d6-bedc-4c5e-a1d8-b4edd438ee0b,Margaret Rau,06/14/1883 14:20:23
9f51cbe9-b52d-4b23-8cf4-48fb81069fe9,Margarita Dickens,12/07/1992 17:56:41
a179164a-219c-4f7c-983e-dfbe18a732da,Margie Gerhold,07/06/2006 16:53:40
d4587105-066a-44eb-a67f-138e09f1db1c,Marguerite Larson,08/04/1870 23:08:03
7a8be436-5b80-4a02-838a-9aa1159c49cd,Marian Hintz,05/24/1881 19:40:02
e29ed2b4-56cb-4a2c-b2cc-b446f6e6b8cf,Marian Rippin,06/19/1959 12:39:43
73c675b5-2345-4bf2-84c0-dbc1816f19a5,Marie Glover,11/02/1909 23:29:58
4a119156-b486-403c-bff9-9e2d99e3cdc4,Marie Okuneva,12/24/1912 06:53:29
75773210-9e3f-48dd-8fd7-cd32ca64dfc1,Marie Ratke,09/16/1965 00:09:39
f5e0fd63-216a-49c7-b84b-08f4553566cd,Mario Hilll,04/27/1895 04:05:10
7f5df4ae-a9d6-4829-8bc9-024bfaf1a3a0,Mario Nolan,09/21/1937 19:39:30
239bd02e-fa26-48d2-bd71-9c82ccbe1d1f,Mario Ryan,02/23/1999 16:00:37
a523f638-718a-4763-9c30-a63f1cee6605,Marion Skiles,04/22/1914 20:42:31
98706a61-d18b-484d-8f66-576d0d78ae07,Marion Watsica,04/18/1914 05:37:45
522ac883-61c8-4bd3-8e88-84970aa01328,Mark Emmerich,02/27/1880 12:43:09
7e10b874-47f7-438e-b29c-b0c6298823e6,Mark Wyman,07/25/1961 06:09:08
3440bfa9-3b54-4cc5-a938-e939cab566f9,Marlene Okuneva,09/24/1984 17:54:35
e13b32cf-8503-4fe5-a88f-baaefad6c464,Marsha Heidenreich,05/12/1945 15:30:44
f146af00-3515-403b-9824-6f752f9561ed,Marshall Runolfsson,09/26/1876 17:50:35
822b16f7-110f-4c64-89ec-606b91f01ed2,Marta Zemlak,07/22/1923 21:31:13
4442372c-8776-4561-850e-d7ffb22ea568,Marty Lehner,10/15/1998 12:33:21
d2e8ceb6-a8fd-4db3-a81d-0f33816db09b,Maryann Shanahan,12/08/1992 00:50:56
60ffddb4-4872-4caf-8311-7188660be86e,Maryann Waters,09/30/2008 01:42:12
052c4be1-ba4b-4757-b157-40553149b6ef,Maryann Wolf,02/10/1901 15:27:26
e9a8ebc7-172d-41b4-925d-87e6b7201d03,Mathew Lind,03/03/1925 03:01:39
4842eb25-686f-4b3a-9859-ceac6244c29c,Matt Hand,06/09/1877 00:32:12
962be7ae-ed17-4a63-8925-9bd50a0acd6d,Matt Rogahn,01/28/1951 21:34:58
729e006e-0c31-4740-add9-f77483bbe9b4,Matthew Walter,03/19/1929 11:13:41
e70a644a-9984-47eb-b467-07c342f8783f,Mattie Corwin,03/11/1947 19:26:36
fad6b8a4-719e-46c7-a57b-594ff7eb1001,Max Hartmann,03/28/1912 17:42:22
89c83a34-b86a-4235-bdd1-b23852798f06,Maxine Bernhard,09/16/1998 15:10:11
8db78113-64eb-478a-8607-614b0ce38189,Maxine Senger,07/28/1958 02:17:47
d5ba32ba-5ee1-48ad-9f7a-b87bedd7d33d,May Cummerata,10/10/1896 15:05:05
7a638514-a29c-43fc-a10f-d06245f998d7,Megan Cummings,03/24/1893 17:15:25
3bc9c8be-676e-48b0-a62a-b5d3146add9f,Meghan Braun,07/05/1920 19:50:41
3dcbc853-f7bd-4bec-8b71-f8e25fb7f367,Meghan Jerde,11/15/1979 01:18:58
7961a584-361a-47b8-8677-9b9f3c6d6168,Meghan Pfannerstill,07/30/1981 10:57:18
4cf2fade-1ab5-4b16-ac72-b2e3cdebb75b,Melanie Lockman,01/15/1981 14:37:32
4eab0445-9f45-45be-88f1-d6f4922508fb,Melba Dickinson,11/16/1900 22:54:11
b59038eb-3c1b-49dc-b42e-3570d229d120,Melba Lynch,12/24/1968 00:14:17
b245d38e-f069-4e9b-9aa5-d708814c67f4,Melinda Bednar,07/13/1980 11:17:20
caf0d9a2-d875-4c2d-97b3-abcf068ef173,Melinda Cummerata,03/29/1863 00:07:23
3c06b3f6-7b65-4a76-88c4-8b3e899c3a32,Melissa Ondricka,04/09/1966 05:53:44
063d8642-3858-4b0c-9875-f41d6145228e,Melody Cartwright,06/25/1932 08:20:28
44f897bd-0885-4237-9b8e-b29937eed6d8,Melody Gleichner,07/11/1905 14:48:49
4f3861f8-6c71-48b1-ac0c-19db82bf8cce,Melody Schaefer,06/21/1939 06:23:36
1a4097e8-2c02-4333-9017-0e2c6a37218b,Melvin Greenfelder,07/21/1933 12:59:30
7f34fd07-6772-46ec-863b-f3425ca57927,Meredith Wisoky,05/06/1906 23:24:12
235eeeb8-e875-492b-abc2-7e6ebb286aec,Merle Pfannerstill,12/11/1928 04:40:31
ada53f30-f6fc-4457-acef-d770d2f86ccc,Merle Price,06/07/1974 11:25:23
5c03ba53-0b55-4025-9c0e-7f6145b136ec,Micheal Ebert,08/13/1920 17:32:19
fb97e640-ecb1-411d-abb4-66dd9d90aa70,Michele MacGyver,06/13/1995 18:41:00
2c642b9a-7e06-4ddf-8c11-ee20de10acae,Michele Smith,09/06/2009 11:25:33
04807e18-64fa-49d6-bb2a-533e80872488,Miguel Hahn,06/28/1890 16:45:28
5ed7fbdb-f9fe-40d0-9ff9-a11d52281e79,Mike Haag,05/04/1918 13:34:38
3e0b4774-a2ac-4569-88db-57175b6ae081,Mike Jones,04/18/2004 01:37:35
db116581-9b2c-4f0b-a48e-a807b8d3e4ed,Mildred Block,07/19/1977 11:36:41
bb1e8d23-69f4-457f-9be6-dc5661db20ef,Milton Reichel,07/26/2006 01:25:58
b5f0d215-c241-42f5-9a61-46ea9077040f,Minnie Bechtelar,05/12/1979 04:44:54
a9626c7d-739b-41b8-8246-c735311bbbca,Minnie Emmerich,04/05/1982 18:46:05
08a32a97-93f2-4de1-9aab-5f74b89f2221,Miriam Larson,02/19/2001 07:39:00
18e2f96c-4dc8-42a4-8499-43d1750368fb,Misty Bahringer,10/27/1920 15:51:48
0ca6b001-2823-4535-896a-b40c660a0084,Misty Stroman,04/26/1978 15:54:56
97f5c1ad-292d-4268-bab7-ab7e3a240cfa,Mitchell Littel,02/12/1959 23:39:13
03b598f9-e6ef-4dcd-8a56-5d1e61abc36c,Molly Halvorson,06/25/1972 22:12:24
d96954b4-d15a-490b-aba5-23f2c7f459d4,Monica Schoen,10/20/1873 06:17:46
f4130661-5fea-41ee-91bf-2ff8a3b63eb8,Monique Roberts,01/07/1963 21:30:24
55559414-8881-4f68-9bf6-167e6da806e3,Morris Moen,01/18/1996 13:53:42
011e919d-2fbf-4311-8403-672d90a38c95,Myra Dickinson,03/03/1946 19:05:53
17f1e6ad-4b50-4a96-90d2-aafdee8d6982,Myrtle Stoltenberg,10/27/1984 23:17:03
48be8349-1c3b-4f2b-9f93-d9b999a1590d,Naomi Fay,01/29/1972 15:39:29
9f9af82b-5bd8-48a6-9ba8-0ca60dfda010,Naomi Nikolaus,11/11/1887 08:41:02
fb6ddf91-d625-458d-8aad-ad98852abbbc,Naomi Wyman,12/05/1942 18:33:44
03127036-19ac-4f47-885e-bcb33e0b5508,Natalie Zieme,04/01/1927 06:24:53
f440cb4b-1819-4c16-8e4d-be815fb090fe,Nathan Yundt,10/20/2003 07:22:22
50ed5129-aec0-4e02-9e9b-409b149f0096,Neal Hills,04/28/1886 03:21:08
ddd964da-d713-47f9-b6bf-6b51a0594790,Neil Koss,10/17/1953 10:04:24
76794bf0-aff0-48a7-a46f-57c8ff9dd681,Nellie Gislason,04/11/2006 13:09:03
7122ba93-bd7f-410b-9958-cf85391cee57,Nellie Skiles,07/09/1966 05:15:05
daaf6aa3-b79a-43cd-96c0-c10a19a484f6,Nelson Hickle,11/13/1944 23:52:31
522009b8-4a2c-4065-8bad-37c6abf3ca1e,Nelson Langworth,11/09/1945 10:31:27
ca28b296-c95c-45d2-831f-67a54361811d,Nettie Paucek,03/24/1881 01:19:53
1b80651e-56e7-4b84-87e8-658968d62ba6,Nicholas Emmerich,11/01/1917 09:54:33
05a0d890-37b1-4c7a-9ad9-fd9e65df6c0d,Nick Kirlin,03/11/1888 11:31:53
0a3462a8-3c07-4b08-b6f8-4fa9676709e5,Nicolas Bruen,08/04/1890 18:14:25
19070a1a-47b3-4493-b072-06b4032a47ab,Nicolas Ernser,03/11/1970 05:43:38
0b195c54-2cb8-48e1-a197-a7c4ee2781bc,Nicolas Schmidt,07/24/1903 22:12:32
405ece42-8c48-44c1-a9ad-64972d2c80c2,Nicole Quitzon,07/27/1884 12:19:18
05cd0a4a-897f-40cf-865c-1ccfa562b13b,Nina Pagac,03/01/1982 07:59:05
d03c55d9-4e25-4dc9-9e5a-96bf2ec6a074,Ollie Weimann,11/13/1931 02:52:09
e46aa6d6-18c2-443d-a363-d139a0c9e542,Omar Legros,03/05/1864 08:10:15
1ab86e45-764c-49da-acfb-4dc78c4f621c,Ora Becker,07/29/1960 01:32:25
46e48206-5d08-4354-9f28-c233d760b24e,Otis Watsica,01/30/1873 12:40:45
37c0b927-8999-4836-8dcf-bb61ec5245c4,Owen Ortiz,05/12/1998 02:53:16
6b966a15-f588-4936-9452-eda611967c34,Pablo Lowe,12/22/1945 05:41:28
5cd69200-7c4c-46bb-a20e-371b9563d7b8,Pam Armstrong,12/11/1953 09:11:44
9d13c90f-7d82-4b14-b049-3279b21f7d1b,Pat Rutherford,12/21/1933 18:17:02
54e3d57a-f6f5-4874-bd4f-09e8c028f779,Pat Upton,07/19/1953 19:48:55
ac19cf38-772f-450e-a3a3-99caa195a1aa,Pat Waters,01/30/1890 17:11:50
418d1fdf-69b8-423c-8ddb-cff51f0ae500,Patricia D'Amore,03/04/1975 17:48:30
68da0020-0cf7-43a7-910d-ad49722dadbe,Patrick Bailey,12/16/1914 17:47:02
4f32fc04-b87e-4fa6-86a6-102baf84580d,Patrick Effertz,06/18/1873 01:46:14
207eeaf9-c499-4cec-8856-1640b4292c9e,Patrick Gerlach,01/29/1969 04:00:31
f4e06e05-f16d-4f6d-af39-67a8dbcd5d54,Patsy Raynor,07/26/1877 02:49:31
ef201795-962d-4052-ac1f-7c2e6360ca45,Paula Heathcote,03/17/1904 04:37:04
999380ac-a222-44a7-ae39-62de9d9fa7a3,Pauline Gleichner,08/01/1943 18:12:22
f7df94e0-0291-481e-9718-85c81a249f7e,Pearl Goldner,11/25/1870 04:26:40
364193a3-d0e9-47e1-ad14-1254eebfe2de,Pedro McDermott,10/27/1949 21:35:15
6b6aa914-4f84-424e-8950-972f7795e6c7,Peggy Connelly,01/30/1921 23:49:12
ddad2503-c829-42f8-acb5-3d95d2b56f67,Penny Farrell,08/16/2011 14:12:50
8a536c51-e4a0-4a40-af9f-e7c568067a14,Pete Lubowitz,02/13/1921 01:26:50
f902c6c1-ec56-4707-bc83-b7dcda4dd629,Phil Bechtelar,07/19/1933 20:58:57
bb6aac42-3a36-447e-ae40-afed946bea8e,Philip Aufderhar,03/06/1984 14:58:56
e60a17fb-34ef-4e88-bb7a-98ae94a95712,Philip Jakubowski,01/27/1898 04:13:23
89bec021-119d-4539-96ec-722bf90486cc,Phillip Schmidt,02/03/1911 17:01:33
a2c0a539-ae7d-4b91-9966-d8a9d238de60,Rafael Tremblay,02/27/1962 12:59:18
c5ab16e0-a113-47b3-b9dc-b97f7cf78a2d,Ramiro Nitzsche,05/10/1973 06:45:59
6add7d29-118d-4f2f-a2af-83bad8d1346f,Ramon Rutherford,08/21/1965 05:33:41
778c5ca8-3913-4981-b400-b1358bc38d92,Randal Sporer,06/21/1965 19:52:14
a8a8ed3b-a71c-44b0-ac29-b558cbc352f5,Randolph Fritsch,01/25/1879 10:48:46
6f81aba1-ddbd-4d4a-86f7-8da722a02757,Randy Feeney,09/20/1959 23:26:40
a1cf77f4-6e05-4c3b-82fc-7d73a3be6ac5,Raquel Ziemann,04/18/1941 21:42:19
b9f2aa84-99c8-4eb8-8a19-7544ed2d3692,Raul Hilll,10/25/1898 16:10:32
44a1af9a-f897-4e27-b550-b1d20c836208,Raul Vandervort,08/20/1985 20:11:38
d89b21a5-666b-4f90-8d6c-aceca688f4c3,Ray Lockman,05/23/1912 16:22:47
6fbc472e-6f3b-43e1-98e7-cb44b39f4ce4,Raymond Feeney,06/11/1871 16:34:59
96ce5659-84a5-40b9-9471-fa783646c36d,Regina McDermott,03/06/1960 04:44:50
e4d7d472-c33c-41f8-8acc-ab8527f4ca43,Reginald Lebsack,10/25/1898 10:53:47
17e3f5fc-015c-4f3f-8864-406f49d1ec09,Reginald Rutherford,03/06/1928 16:16:43
4b1af5fd-82ec-48e2-911b-2a0ec831b27c,Rene Baumbach,02/16/1877 17:06:52
2b445b63-90c0-4470-a260-b1864ffef655,Rene Cormier,02/19/1910 05:33:22
bfd76272-6506-4f45-ac89-3c0900e7a425,Rene Roob,06/02/1946 07:37:08
b8079695-5fdf-4b7b-8527-8e9458d3fea5,Rex Borer,01/06/1945 08:40:23
3fedf556-b079-4d65-9551-4c3588da5d43,Rex Walsh,11/06/1907 14:30:19
4cd62c87-d3f4-464a-b261-cf4056344a50,Ricky Emmerich,10/07/1888 15:27:27
9c3e2526-8e02-4c45-bac7-75a89ee75dda,Ricky Schulist,10/25/1983 01:51:59
471851e3-2201-467f-b635-c1a791410aaf,Robert Heaney,09/13/1918 12:28:01
05c0628c-ccf8-4881-91df-2e8c5897a9ab,Roberta Torphy,09/14/1904 22:14:54
470791c7-4fd9-4d8a-9d03-e59393c84dc2,Roberto Swaniawski,08/11/2002 02:53:14
5eefac1e-bd81-4fcc-88e8-787aaec382cc,Robin Bernhard,01/21/1981 16:41:51
57d73d8c-465c-4e46-9ca3-52833f20437f,Robin Kutch,01/23/1886 21:31:56
3343115a-8bb0-465b-ae1f-2c3fad4745ca,Robin Torp,03/09/1867 08:41:36
02fbad15-c7bc-45c7-b07e-c9b6bf5f4929,Robin Wunsch,05/28/1961 14:08:07
823c16c1-a84f-4a0c-97c5-7ac3f1bc4fcb,Robyn Koelpin,02/25/2007 17:03:34
6d45b6bf-e10a-4722-9095-3a446b232e5a,Robyn Schuster,12/07/1973 11:29:06
2f4fbebb-8e6a-4f54-acd6-a0897894c2b6,Rochelle Larson,09/20/1982 18:00:54
ae6a453f-4c29-4470-9906-5db5a58bf5bd,Roderick Hermann,01/24/1891 18:20:14
edff4377-cf1b-4a7f-8a51-64d390457f80,Rodolfo Ernser,10/20/1942 21:42:00
d8f6c4c2-8639-4b8e-a888-425f45a156fd,Rodolfo Kling,04/28/1920 05:49:50
15fec1e0-d91d-42d5-b9ea-68135b77d35b,Rodolfo Kub,12/09/1910 20:45:18
d202956b-11f4-4d16-8527-2e340708c4c6,Rogelio Dach,05/31/1970 19:15:28
b63c6f70-cd21-44c8-aae5-230ea4ca7b33,Rogelio Graham,06/24/2005 11:08:47
832e1fad-57d9-4bc4-8077-c0262562955e,Rolando O'Keefe,05/26/1909 21:21:29
940165d4-7e9d-4b75-a6eb-121e39690035,Ronald Schiller,10/27/1863 12:00:51
6c6afbec-b4ee-4f1a-9d56-9f63be667d16,Ronnie McDermott,09/08/1980 12:34:09
c6b72ebf-32bb-4e3b-8f8c-972c4a13d67b,Rosalie Armstrong,06/08/1904 15:52:53
52617a36-1b44-4b65-acda-61e1d4f17ec7,Rosie Conn,06/28/1987 06:02:26
e98e5ce6-a313-400c-9d19-a44cbb043cf1,Roxanne Mayert,04/25/1895 01:51:43
0f598a68-9e8e-445f-88dc-7dbb1aa052c6,Roxanne O'Connell,07/27/1969 06:48:50
7c25e363-2908-4329-a236-2e5d47ef2eb3,Ruby Brekke,05/13/1892 22:09:13
e6a654f8-ba16-48f1-8186-f95d54b8323d,Ruby Hodkiewicz,11/05/1896 11:47:43
ad1c0f13-87a2-41f9-b583-d6cc575e272a,Ruby Medhurst,12/15/1980 21:39:37
6a61d3e4-ba31-469d-abdd-3e1eaf0d7d65,Ruby Rolfson,08/22/1996 20:34:39
d7520bfe-d0ab-4cbe-b303-008769c889fe,Ruby Stracke,11/03/1903 06:24:29
b71955bf-0087-40d9-ad6a-94f30bd2b352,Rudolph Lindgren,03/26/1918 02:52:03
7b16667b-9b3d-46dc-b7aa-fcd226c50226,Rudy Cruickshank,05/06/2005 11:38:48
43d6a21f-1dee-44d1-85c7-4b6e4a8c5bc3,Rudy Hoppe,05/05/1932 11:18:53
89503a52-7d0c-40f7-b6e7-d5273b8d3ec1,Rufus Reichel,10/08/1924 13:40:41
065395c6-c693-4e3c-8b6f-5dc86a5c0fd0,Russell Tremblay,11/18/2009 05:32:37
c334305a-8ae4-4b86-9d15-9355f98ceeeb,Ruth Reilly,10/03/1923 04:04:11
3c0be969-3733-4ce8-ba8c-8d5ff7850d1d,Ryan Ondricka,05/24/1910 15:24:10
b49eac97-98e4-4e51-9cba-6c4c669c2f5a,Sabrina Kessler,05/23/1957 22:28:26
49af4a95-5ca5-45fa-9391-2943f515bd7b,Sadie Brakus,12/15/1922 19:35:59
b9bf2e0a-417a-4c0f-94ed-4e1282da1841,Sadie Mayer,10/17/1963 19:34:55
2a33e99a-585a-4f77-9e44-ebd7e9b38756,Sally Pfannerstill,12/15/1902 10:18:25
1ec24a18-a7db-4bef-86a7-4b9a752ce745,Salvador Hane,03/28/1928 02:05:38
adb4a69a-c8b1-4d6d-b57a-910479706120,Salvador Homenick,08/30/1864 20:07:01
869a0fbe-80df-44b1-a98d-fe0cb76b9611,Salvatore Bosco,06/02/1889 15:28:21
990d51be-666f-42b2-b530-236dc162a013,Sam Bernhard,01/07/1943 01:35:24
bcb2caf3-ba19-4885-a4b2-6a1ce1b2c4fd,Sam Dach,10/24/1943 13:25:03
867223a6-4479-4664-8aa8-660dadc6ca44,Sam DuBuque,07/06/1994 09:09:41
65385ae4-d99c-400f-96e7-aac815da4d4e,Sam Padberg,05/05/1918 22:32:18
3199f7d7-3e11-476c-88b2-7e5cb99b89b0,Samantha Kirlin,04/16/1951 06:15:05
091b1401-fe3b-425e-8f9b-52789d65f535,Sammy Hackett,10/21/1929 01:39:04
7ae6cab9-9b4f-4fea-9d0f-1bd492fd7ccb,Samuel Connelly,12/19/1879 15:43:37
500041a2-7dde-4671-b6bc-245d77d99aac,Santiago Mills,07/14/1964 16:05:00
8d7e8a16-3af9-42d9-8b32-6dac262a3ef7,Sara Haley,09/02/1927 09:06:27
32320f49-688a-4a5e-9042-761a73f53707,Sara Kuvalis,06/03/1977 09:02:48
1eb15fb0-c691-4c2d-93df-bf851882d459,Sarah McClure,07/11/1933 11:18:48
33a95f33-e875-4475-aa55-a66a4eb78bca,Saul Rempel,02/09/1880 02:26:41
57bf5af7-b91d-4a55-b17c-df572db73902,Saul Wuckert,08/04/1956 15:58:28
b7f17982-af12-4908-89d0-90ca918c570a,Scott Baumbach,12/21/1982 12:49:56
a1d42af5-b75e-455d-b220-37491cc2b210,Shannon Hayes,02/01/1926 21:30:21
f4808efb-3eff-4209-8295-08c9ba15e4d0,Shannon Macejkovic,04/12/1977 22:04:55
ab742026-6d1c-4023-bc44-040d5a77889e,Shannon Mraz,11/17/2010 16:39:10
d920aa5f-451b-4145-8b20-e10da265aa4b,Shaun Huels,04/09/1871 18:43:53
158362f4-a506-4fc0-9c1f-10fd31b8da21,Shawna Bernhard,09/17/1971 04:54:04
a990f8f6-3b0f-46c2-836a-53aed5099062,Shawna Gusikowski,04/06/1971 01:10:45
b1fc7060-d2b5-4f38-85d5-1476bac27d3c,Shelia Hayes,10/26/1943 12:53:30
204cda74-2ff0-4124-9b60-2eb3913b85a6,Shelly Buckridge,04/17/2012 01:00:24
f2dba595-9a06-41e6-a378-1bdb94ddeeb9,Shelly Haley,05/15/1965 01:56:48
7ed55c55-7aac-48a3-b8bb-a325e11c279b,Shirley Kemmer,01/15/1864 02:39:18
f04f3a6b-c53c-4cc9-963b-f29f086e70e5,Shirley Tremblay,04/23/1986 01:37:00
349d9765-6f7c-4bff-8cd1-787a1fee856a,Simon MacGyver,02/02/1975 05:15:24
10cc566c-ba74-404f-acd6-79df3518fda1,Simon Wisozk,12/11/1889 17:58:22
aa79e869-e28a-486c-a814-877f85b95e08,Sonia Harvey,05/09/1984 03:32:00
fd4dc23e-29b1-41ac-bbc6-180fd3c599e2,Sonja Vandervort,10/07/1865 20:42:38
e9fe9a34-633b-4290-a862-5879d8009b77,Stacey Collins,07/15/2009 20:14:47
9937a676-aa41-45b8-bb7c-b04b4bd05ce5,Stacy Lebsack,10/14/1969 13:32:25
4fb2693f-039e-4f58-b60b-7ad6c36482b1,Stella Gibson,03/26/2009 11:39:18
c16a5c8d-d589-483b-80d6-80090c07a3cf,Stella Hermann,12/14/1862 13:59:24
2d6a3653-18a1-40bb-88bd-b25621a6519b,Stella Schneider,05/15/1962 22:28:17
a8d4d729-ce55-445d-97e9-5fdebf620fdd,Stephanie McClure,10/23/1991 07:33:18
78d5aec9-103a-4ce6-bdbe-634071e33b20,Stephen Fahey,02/07/1871 05:40:35
13c82fda-51c4-43d4-b9ee-87c198fae9ec,Stephen Hessel,10/08/1995 03:14:36
059b5ca5-f793-4d29-8f8f-e0e894bf64ce,Steven Rodriguez,08/09/1985 10:04:24
8c8855d3-1903-4eb8-a490-c47e1dc0869b,Stewart Okuneva,12/03/1973 20:05:39
aa4929d4-b906-4694-a52f-f1b006c9105f,Stewart Turner,01/18/2010 13:00:51
883f2cf8-53f7-490d-ac7b-de5344b02428,Stuart Dietrich,12/25/1905 17:31:04
3d197ab1-d33b-4e47-b8c7-9a8fb853663b,Stuart Gerlach,01/12/1873 14:29:15
9897a802-f6b0-4742-a5d9-7871a7675712,Stuart Terry,11/12/1901 06:19:14
720eb0ff-9fdf-4b4e-8b9f-ab12b98b2b54,Stuart Walker,07/27/2004 04:07:25
305af2ec-f8f6-48f6-a747-c71456886d96,Stuart Wehner,02/19/2009 09:12:01
ac1377da-49a6-4e98-a420-4e3112b72208,Susan Bernhard,07/10/1994 16:44:45
eace7536-d0c5-4967-b33c-280a8a7ae5d3,Suzanne Howe,04/23/1982 21:31:10
b8606d4c-6ba9-4623-baba-990d43c3342a,Tanya Cartwright,04/14/1964 00:15:30
e10fa3e5-c70f-443c-b89f-0e76bc130579,Tara Lynch,04/20/1983 22:50:38
303615f9-160a-420d-93ff-7e3051e19349,Tasha Kohler,09/22/1904 15:58:23
5bbe0845-2a69-4145-864e-b3a56bf88151,Tasha Pagac,09/01/1935 02:03:27
950e0f03-72bb-4f9b-a994-d964423d6db6,Terence Collins,10/09/1994 07:32:19
f56c728d-30d6-47bb-97ec-d9e6a476271a,Terence Hartmann,06/10/1964 22:43:46
ff698364-f701-46e7-a6c9-5c41e447d769,Teri Considine,10/11/1891 00:42:04
02b2c421-4c2e-48c3-939d-fda09d757758,Teri Hansen,01/16/1912 15:07:08
b500d5e1-a538-4a34-99db-715fae9dc3cf,Teri Pagac,08/19/1985 13:04:33
c11ba9b5-929f-40fc-9a7d-1bf4b2739bbb,Teri Quitzon,09/26/1922 16:53:45
8875867d-402c-4071-a971-721007f3ba98,Terrance Murphy,06/30/1920 14:36:10
c115e778-c80e-43bf-b0d0-2437f2e2feeb,Terrell Weber,01/03/1882 02:10:23
bea60cb1-2193-44da-87a3-8a71e37b6e40,Terrell Willms,06/24/1899 02:08:53
58c4ddd4-f61f-4912-83b4-8b8128046363,Terrence Casper,10/31/1955 10:46:50
48ca8eec-decc-4ed5-a116-8c4b6141dc40,Terry Casper,02/01/2008 08:04:46
f5468121-9ab2-4b9c-a79a-5740d9eebb34,Thelma Goyette,11/21/1954 12:37:09
8cff1bc9-ec9f-4229-955a-505b91b67228,Thelma Kiehn,06/25/2006 12:49:06
de580486-bdb7-40bb-a21f-e8ac0c375d19,Thelma Volkman,06/07/1904 20:32:33
515f9156-8aff-405c-97bc-d229454509b7,Theresa Wilderman,06/16/1883 22:50:15
667cceeb-e463-4ad2-9254-65be27ab0092,Thomas Gislason,09/08/1918 06:17:25
738d5c3f-89ca-4351-8513-e1b09434364c,Tim Botsford,11/01/1903 19:32:18
d010448c-69bb-4d31-830b-8c1b4e4abb34,Timmy Becker,12/25/1914 20:01:47
348d58c5-a961-48f8-85e0-4fb77d8cfc07,Timothy Blanda,03/13/1907 10:10:17
042516d4-7226-48a0-9293-09c7659e2e0b,Toby Lehner,09/29/1911 20:58:58
4893bbac-e712-4b7b-b357-1050352d6a50,Todd Glover,11/03/1901 02:16:30
036e6d72-668f-435e-8119-bfb7917a4c8c,Tomas Lueilwitz,01/02/1911 15:46:44
6b71eb2e-1f2b-4a74-b92f-d840fb272f5d,Tomas Wolff,05/28/1997 21:46:11
619eca9c-e4a3-4f3b-9309-ef99afbbe304,Tommy Beatty,02/26/1926 22:26:37
e0f5dfd7-7750-4af5-9be1-1fb7c1e71e8b,Tommy Keeling,10/27/1913 22:20:04
cc242535-a265-46fa-bddd-1cc357b72c6e,Tommy Schamberger,02/08/1972 18:29:05
77e90103-a7d9-4bc7-9631-4d62ad85c7b5,Toni Hane,03/06/1902 23:15:10
8e78a20d-67e5-49db-9aef-7bda99803f2d,Toni Ratke,10/22/1968 22:18:40
ba872257-2244-40e3-9981-b70f998f3765,Tracy Corkery,04/18/1913 19:54:15
c834484d-e2ec-410c-acf1-e63b6360ecf0,Tracy Flatley,12/21/1933 10:37:26
453f7ffd-8d96-4173-be2c-7c1d6ef8077b,Tracy Jaskolski,08/12/1978 08:07:12
11f1a944-5512-4f32-8862-d7fca8cf6745,Tracy Labadie,05/06/2001 06:03:21
0175a199-9fff-4ec7-a39c-668fc8531ba5,Tracy Prosacco,07/25/1958 03:49:22
f1fc75de-fd33-4ae2-9ea9-5db7ed871003,Tracy Reynolds,11/06/1960 14:03:22
ff04b1c5-4087-4c7e-8dce-46fc878a9b29,Trevor Bailey,09/04/2007 14:02:40
d839c9d2-547f-4a1b-8e1e-5c33e9d73294,Trevor Larson,03/12/1876 12:29:17
3b419e64-73cc-477c-913c-e07f2f39a3c0,Tricia Abshire,12/10/1934 22:22:32
38330174-00e7-442e-9926-7c17547b6d91,Tyrone Satterfield,01/31/2003 15:52:59
7858c88f-1a76-4d78-992f-1208843e9908,Valerie Frami,11/25/1928 02:36:17
eabcf101-68bb-4145-88ac-dd4a4ae07eeb,Van Barrows,07/09/1973 15:15:27
ccdc89ab-114e-426b-a25b-bfd3f14e1d87,Van Buckridge,02/27/1966 22:18:09
e088ffb8-69d9-44e1-89ff-8820e37d99d2,Van VonRueden,05/02/1944 07:50:31
29d19f3b-abef-4752-9249-a18487cc42c6,Vanessa Stroman,08/22/1975 19:03:07
54e7803f-3213-4302-b170-3b2e958f149c,Velma Gleichner,03/20/2000 22:25:17
3e4399a2-db26-4f5b-8327-8f4f81d37dd5,Verna Koepp,03/26/1999 09:48:37
04af0f18-d97d-493c-a5a9-3ce92a1f425a,Verna Wehner,02/08/1876 01:23:58
10986ae3-4de6-4af8-a895-52c811ca171c,Vernon Klocko,09/05/1970 04:41:18
cca9612a-93d9-41cd-a777-9fa41803a9d5,Vernon McCullough,11/02/1918 16:44:47
f74a1ce3-1c28-461a-9255-422b3a7bfdf9,Vicki Connelly,12/06/1941 23:54:13
39d7ab21-d9ba-41ea-af41-31b093c29f7f,Vickie Lang,01/22/1954 04:58:00
86296477-122c-4816-8121-2a0ffb025a64,Victoria Friesen,09/24/1920 15:10:07
77856417-c3a4-49d9-8100-3a3a4ad9d771,Victoria Shanahan,06/14/1876 16:56:51
9f34bc0c-60f5-4654-a373-9c3c6ee6967b,Victoria Weimann,12/10/1893 08:39:28
98684acb-4b8a-45ea-815d-c232ed6c8c9b,Viola Lind,09/15/1982 11:16:54
94156b5e-8633-4850-807f-21f34eb3635b,Virgil Hirthe,06/18/1973 07:35:52
8320b301-3e02-4e10-a89d-f6f10f910e68,Vivian Nitzsche,05/01/1932 05:49:18
830ce2de-cd3f-48b0-872c-1ebe76a60cda,Wade Ratke,08/25/1975 19:27:53
ab0f7777-7ea3-4bb9-993e-7c374c4bc7ac,Wade Ritchie,10/02/1972 04:04:59
42957595-d2ef-47b0-9844-a7a57312696c,Wallace Abbott,06/30/1900 12:40:05
b8c517cf-23b7-4eef-925f-e259ec44fe54,Wanda Carroll,05/11/1917 01:51:27
79775371-9e3c-43c0-8901-68e03b5ce1ce,Wanda Schulist,04/20/1934 02:15:28
002e6b68-70d0-459c-9bf8-d34bce10ea94,Warren Stroman,09/12/2001 03:53:09
8fb4053e-4b22-415a-8291-45ea44450e21,Wendy Mosciski,08/18/2007 21:48:33
ce9d57bf-4112-4a19-bf5d-fcf86a717bf6,Wilbert Grant,04/20/1890 07:40:33
7cc998e3-90a3-466f-b0cc-6bea82822428,Wilbur Bartoletti,01/13/1914 01:25:35
af75bc4c-203d-4d44-9d8b-83a6a7876265,Wilbur Bernier,12/19/1887 03:32:09
e1fac4f6-db49-48c4-be76-985efdec0c1e,Wilbur Lockman,03/10/1901 18:39:04
af961552-4b8c-4d99-aa5c-be184b622e76,Willard Bartell,12/08/1993 10:46:00
1f49e760-7539-494b-83c3-5dd5c529663e,Willard Schumm,08/09/1962 17:49:00
7c936b90-02cf-438d-b51f-da4482dbad6f,Willie Corkery,01/13/1893 21:57:31
7c6697cf-67e2-406f-a38f-ae5fc75eb7b5,Willie Hintz,06/28/1964 09:17:43
a465844a-94da-4fcb-9f09-361b0759d5c6,Willie Haag,04/14/1883 20:13:09
08b316ad-a058-4504-9950-c7257cc388d1,Winston Jakubowski,01/06/1946 01:00:46
42cd5605-105c-45e9-bb25-4b9acb7a35e6,Woodrow McCullough,04/07/1903 15:44:07
8730183f-cef8-4110-8d60-8122717f605e,Yvette Willms,03/02/1922 05:23:50
65c5c078-fb4a-4182-81e8-d3ae03bf818c,Yvonne Schiller,01/16/1887 15:18:14
fe7d4241-865e-4336-a543-68855bcbe05a,Aaron Kutch,07/14/1985 15:39:31
7d141f69-42cc-4cf1-a4f2-81d243c9bb87,Aaron Nikolaus,01/15/1959 10:55:31
33ef35fa-8dc9-4d42-b9f2-a501b1718c9d,Aaron Runolfsson,12/13/2004 21:17:42
